;Unnamed: 0.1;Unnamed: 0;Tweets;langkah01;token;token_akhir;langkah02;finalText_str;teksprocessed
0;0;0;@FirahAlam Baik, Kak Stark. Mohon berkenan menunggu interaksi selanjutnya di DM ya Kak. Terima kasihðŸ˜Š-Dofi;firahalam baik kak stark mohon berkenan menunggu interaksi selanjutnya di dm ya kak terima kasih dofi;['firahalam', 'baik', 'kak', 'stark', 'mohon', 'berkenan', 'menunggu', 'interaksi', 'selanjutnya', 'di', 'dm', 'ya', 'kak', 'terima', 'kasih', 'dofi'];['firahalam', 'baik', 'kak', 'stark', 'mohon', 'berkenan', 'menunggu', 'interaksi', 'selanjutnya', 'di', 'dm', 'ya', 'kak', 'terima', 'kasih', 'dofi'];firahalam baik kak stark mohon berkenan menunggu interaksi selanjutnya di dm ya kak terima kasih dofi;firahalam baik kak stark mohon berkenan menunggu interaksi selanjutnya di dm ya kak terima kasih dofi;firahalam baik stark mohon kenan tunggu interaksi lanjut dm kak terima kasih dofi
1;1;1;@FirahAlam Halo, Kak Stark. Maaf ya, terkait kendala aktivasi paket. Yuk infoin nomor hp dan tanggal kejadian via Dâ€¦ https://t.co/riSzAob0BK;firahalam halo kak stark maaf ya terkait kendala aktivasi paket yuk infoin nomor hp dan tanggal kejadian via coriszaobbk;['firahalam', 'halo', 'kak', 'stark', 'maaf', 'ya', 'terkait', 'kendala', 'aktivasi', 'paket', 'yuk', 'infoin', 'nomor', 'hp', 'dan', 'tanggal', 'kejadian', 'via', 'coriszaobbk'];['firahalam', 'halo', 'kak', 'stark', 'maaf', 'ya', 'terkait', 'kendala', 'aktivasi', 'paket', 'yuk', 'infoin', 'nomor', 'hp', 'dan', 'tanggal', 'kejadian', 'via', 'coriszaobbk'];firahalam halo kak stark maaf ya terkait kendala aktivasi paket yuk infoin nomor hp dan tanggal kejadian via coriszaobbk;firahalam halo kak stark maaf ya terkait kendala aktivasi paket yuk infoin nomor hp dan tanggal kejadian via coriszaobbk;firahalam halo stark maaf kait kendala aktivasi paket yuk infoin nomor hp tanggal jadi via coriszaobbk
2;2;2;@t1kamer4d Dibuat gak nyaman ya, Kak George. Notifikasi tersebut merupakan promosi paket internet dari MyTelkomselâ€¦ https://t.co/2KsYB5ZW6F;tkamerd dibuat gak nyaman ya kak george notifikasi tersebut merupakan promosi paket internet dari mytelkomsel coksybzwf;['tkamerd', 'dibuat', 'gak', 'nyaman', 'ya', 'kak', 'george', 'notifikasi', 'tersebut', 'merupakan', 'promosi', 'paket', 'internet', 'dari', 'mytelkomsel', 'coksybzwf'];['tkamerd', 'dibuat', 'gak', 'nyaman', 'ya', 'kak', 'george', 'notifikasi', 'tersebut', 'merupakan', 'promosi', 'paket', 'internet', 'dari', 'mytelkomsel', 'coksybzwf'];tkamerd dibuat gak nyaman ya kak george notifikasi tersebut merupakan promosi paket internet dari mytelkomsel coksybzwf;tkamerd dibuat gak nyaman ya kak george notifikasi tersebut merupakan promosi paket internet dari mytelkomsel coksybzwf;tkamerd buat gak nyaman kak george notifikasi sebut rupa promosi paket internet mytelkomsel coksybzwf
3;3;3;@andre_sni Baik, Kak Andre. Mohon berkenan menunggu interaksi selanjutnya di DM ya Kak. Terima kasihðŸ˜Š-Dofi;andre_sni baik kak andre mohon berkenan menunggu interaksi selanjutnya di dm ya kak terima kasih dofi;['andre_sni', 'baik', 'kak', 'andre', 'mohon', 'berkenan', 'menunggu', 'interaksi', 'selanjutnya', 'di', 'dm', 'ya', 'kak', 'terima', 'kasih', 'dofi'];['andre_sni', 'baik', 'kak', 'andre', 'mohon', 'berkenan', 'menunggu', 'interaksi', 'selanjutnya', 'di', 'dm', 'ya', 'kak', 'terima', 'kasih', 'dofi'];andre_sni baik kak andre mohon berkenan menunggu interaksi selanjutnya di dm ya kak terima kasih dofi;andre_sni baik kak andre mohon berkenan menunggu interaksi selanjutnya di dm ya kak terima kasih dofi;andre sni baik andre mohon kenan tunggu interaksi lanjut dm kak terima kasih dofi
4;4;4;@myowish Hai, Kak Alen. Telkomsel dan Disney+ Hotstar masih bekerja sama kok, jika Kakak ingin berlangganan Disney+â€¦ https://t.co/ug5OqHpHPO;myowish hai kak alen telkomsel dan disney hotstar masih bekerja sama kok jika kakak ingin berlangganan disney cougoqhphpo;['myowish', 'hai', 'kak', 'alen', 'telkomsel', 'dan', 'disney', 'hotstar', 'masih', 'bekerja', 'sama', 'kok', 'jika', 'kakak', 'ingin', 'berlangganan', 'disney', 'cougoqhphpo'];['myowish', 'hai', 'kak', 'alen', 'telkomsel', 'dan', 'disney', 'hotstar', 'masih', 'bekerja', 'sama', 'kok', 'jika', 'kakak', 'ingin', 'berlangganan', 'disney', 'cougoqhphpo'];myowish hai kak alen telkomsel dan disney hotstar masih bekerja sama kok jika kakak ingin berlangganan disney cougoqhphpo;myowish hai kak alen telkomsel dan disney hotstar masih bekerja sama kok jika kakak ingin berlangganan disney cougoqhphpo;myowish hai alen telkomsel disney hotstar kerja sama kok kakak langgan disney cougoqhphpo
5;5;5;@Omndut0105 Hai, Kak. Maaf ya untuk ketidaksesuian tarif penawarannya. Yuk infoin nomor hp dan tanggal kejadian keâ€¦ https://t.co/tmSCQeBsB2;omndut hai kak maaf ya untuk ketidaksesuian tarif penawarannya yuk infoin nomor hp dan tanggal kejadian ke cotmscqebsb;['omndut', 'hai', 'kak', 'maaf', 'ya', 'untuk', 'ketidaksesuian', 'tarif', 'penawarannya', 'yuk', 'infoin', 'nomor', 'hp', 'dan', 'tanggal', 'kejadian', 'ke', 'cotmscqebsb'];['omndut', 'hai', 'kak', 'maaf', 'ya', 'untuk', 'ketidaksesuian', 'tarif', 'penawarannya', 'yuk', 'infoin', 'nomor', 'hp', 'dan', 'tanggal', 'kejadian', 'ke', 'cotmscqebsb'];omndut hai kak maaf ya untuk ketidaksesuian tarif penawarannya yuk infoin nomor hp dan tanggal kejadian ke cotmscqebsb;omndut hai kak maaf ya untuk ketidaksesuian tarif penawarannya yuk infoin nomor hp dan tanggal kejadian ke cotmscqebsb;omndut hai maaf untuk ketidaksesuian tarif tawar yuk infoin nomor hp tanggal jadi cotmscqebsb
6;6;6;@hesnataa Hai, Kak Hesnata. Maaf ya untuk kendala cek pulsa, yuk infoin nomor hp, tanggal kejadian dan capture keteâ€¦ https://t.co/1hyKhy3Wc4;hesnataa hai kak hesnata maaf ya untuk kendala cek pulsa yuk infoin nomor hp tanggal kejadian dan capture kete cohykhywc;['hesnataa', 'hai', 'kak', 'hesnata', 'maaf', 'ya', 'untuk', 'kendala', 'cek', 'pulsa', 'yuk', 'infoin', 'nomor', 'hp', 'tanggal', 'kejadian', 'dan', 'capture', 'kete', 'cohykhywc'];['hesnataa', 'hai', 'kak', 'hesnata', 'maaf', 'ya', 'untuk', 'kendala', 'cek', 'pulsa', 'yuk', 'infoin', 'nomor', 'hp', 'tanggal', 'kejadian', 'dan', 'capture', 'kete', 'cohykhywc'];hesnataa hai kak hesnata maaf ya untuk kendala cek pulsa yuk infoin nomor hp tanggal kejadian dan capture kete cohykhywc;hesnataa hai kak hesnata maaf ya untuk kendala cek pulsa yuk infoin nomor hp tanggal kejadian dan capture kete cohykhywc;hesnataa hai hesnata maaf untuk kendala cek pulsa yuk infoin nomor hp tanggal jadi capture kete cohykhywc
7;7;7;@kiflizul1 Baik, Kak Zulkifli. Maaf untuk validasinya dan kendala melakukan panggilan. Yuk sapa Kami di DM agar priâ€¦ https://t.co/h0VUTvMFXL;kiflizul baik kak zulkifli maaf untuk validasinya dan kendala melakukan panggilan yuk sapa kami di dm agar pri cohvutvmf;['kiflizul', 'baik', 'kak', 'zulkifli', 'maaf', 'untuk', 'validasinya', 'dan', 'kendala', 'melakukan', 'panggilan', 'yuk', 'sapa', 'kami', 'di', 'dm', 'agar', 'pri', 'cohvutvmf'];['kiflizul', 'baik', 'kak', 'zulkifli', 'maaf', 'untuk', 'validasinya', 'dan', 'kendala', 'melakukan', 'panggilan', 'yuk', 'sapa', 'kami', 'di', 'dm', 'agar', 'pri', 'cohvutvmf'];kiflizul baik kak zulkifli maaf untuk validasinya dan kendala melakukan panggilan yuk sapa kami di dm agar pri cohvutvmf;kiflizul baik kak zulkifli maaf untuk validasinya dan kendala melakukan panggilan yuk sapa kami di dm agar pri cohvutvmf;kiflizul baik zulkifli maaf validasinya kendala laku panggil yuk sapa di dm pri cohvutvmf
8;8;8;@muhammaddahlanc Oke, Kak Dahlan. Arel segera meluncur buat cek DM Kakak. Mohon berkenan menunggu. MakasihðŸ˜Š-Arel;muhammaddahlanc oke kak dahlan arel segera meluncur buat cek dm kakak mohon berkenan menunggu makasih arel;['muhammaddahlanc', 'oke', 'kak', 'dahlan', 'arel', 'segera', 'meluncur', 'buat', 'cek', 'dm', 'kakak', 'mohon', 'berkenan', 'menunggu', 'makasih', 'arel'];['muhammaddahlanc', 'oke', 'kak', 'dahlan', 'arel', 'segera', 'meluncur', 'buat', 'cek', 'dm', 'kakak', 'mohon', 'berkenan', 'menunggu', 'makasih', 'arel'];muhammaddahlanc oke kak dahlan arel segera meluncur buat cek dm kakak mohon berkenan menunggu makasih arel;muhammaddahlanc oke kak dahlan arel segera meluncur buat cek dm kakak mohon berkenan menunggu makasih arel;muhammaddahlanc oke dahlan arel segera luncur buat cek dm kakak mohon kenan tunggu makasih arel
9;9;9;@kiflizul1 Hai, Kak Zulkifli. Maaf ya untuk keluhan internetnya. Jika datanya masih sama dengan sebelumnya silakanâ€¦ https://t.co/WUcPaCQZVB;kiflizul hai kak zulkifli maaf ya untuk keluhan internetnya jika datanya masih sama dengan sebelumnya silakan cowucpacqzvb;['kiflizul', 'hai', 'kak', 'zulkifli', 'maaf', 'ya', 'untuk', 'keluhan', 'internetnya', 'jika', 'datanya', 'masih', 'sama', 'dengan', 'sebelumnya', 'silakan', 'cowucpacqzvb'];['kiflizul', 'hai', 'kak', 'zulkifli', 'maaf', 'ya', 'untuk', 'keluhan', 'internetnya', 'jika', 'datanya', 'masih', 'sama', 'dengan', 'sebelumnya', 'silakan', 'cowucpacqzvb'];kiflizul hai kak zulkifli maaf ya untuk keluhan internetnya jika datanya masih sama dengan sebelumnya silakan cowucpacqzvb;kiflizul hai kak zulkifli maaf ya untuk keluhan internetnya jika datanya masih sama dengan sebelumnya silakan cowucpacqzvb;kiflizul hai zulkifli maaf untuk keluh internetnya data sama belum sila cowucpacqzvb
10;10;10;@juliandany Baik, Kak Julian. Mohon berkenan menunggu interaksi selanjutnya di DM ya Kak. Terima kasihðŸ˜Š-Dofi;juliandany baik kak julian mohon berkenan menunggu interaksi selanjutnya di dm ya kak terima kasih dofi;['juliandany', 'baik', 'kak', 'julian', 'mohon', 'berkenan', 'menunggu', 'interaksi', 'selanjutnya', 'di', 'dm', 'ya', 'kak', 'terima', 'kasih', 'dofi'];['juliandany', 'baik', 'kak', 'julian', 'mohon', 'berkenan', 'menunggu', 'interaksi', 'selanjutnya', 'di', 'dm', 'ya', 'kak', 'terima', 'kasih', 'dofi'];juliandany baik kak julian mohon berkenan menunggu interaksi selanjutnya di dm ya kak terima kasih dofi;juliandany baik kak julian mohon berkenan menunggu interaksi selanjutnya di dm ya kak terima kasih dofi;juliandany baik juli mohon kenan tunggu interaksi lanjut dm kak terima kasih dofi
11;11;11;@muhammaddahlanc Keganggu ya, Kak Dahlan. Mengenai kendala aktivasi paket belum masuk. Yuk infoin nomor HP, lokasiâ€¦ https://t.co/Fvi3tpEzWy;muhammaddahlanc keganggu ya kak dahlan mengenai kendala aktivasi paket belum masuk yuk infoin nomor hp lokasi cofvitpezwy;['muhammaddahlanc', 'keganggu', 'ya', 'kak', 'dahlan', 'mengenai', 'kendala', 'aktivasi', 'paket', 'belum', 'masuk', 'yuk', 'infoin', 'nomor', 'hp', 'lokasi', 'cofvitpezwy'];['muhammaddahlanc', 'keganggu', 'ya', 'kak', 'dahlan', 'mengenai', 'kendala', 'aktivasi', 'paket', 'belum', 'masuk', 'yuk', 'infoin', 'nomor', 'hp', 'lokasi', 'cofvitpezwy'];muhammaddahlanc keganggu ya kak dahlan mengenai kendala aktivasi paket belum masuk yuk infoin nomor hp lokasi cofvitpezwy;muhammaddahlanc keganggu ya kak dahlan mengenai kendala aktivasi paket belum masuk yuk infoin nomor hp lokasi cofvitpezwy;muhammaddahlanc ganggu kak dahlan kena kendala aktivasi paket masuk yuk infoin nomor hp lokasi cofvitpezwy
12;12;12;@kiflizul1 Duhh jadi ga nyaman ya, Kak ZulkifliðŸ˜¥ Mengenai kendala melakukan panggilan, yuk infoin Nomor HP Kakak, Nâ€¦ https://t.co/gOGvxruLBB;kiflizul duhh jadi ga nyaman ya kak zulkifli mengenai kendala melakukan panggilan yuk infoin nomor hp kakak cogogv;['kiflizul', 'duhh', 'jadi', 'ga', 'nyaman', 'ya', 'kak', 'zulkifli', 'mengenai', 'kendala', 'melakukan', 'panggilan', 'yuk', 'infoin', 'nomor', 'hp', 'kakak', 'cogogv'];['kiflizul', 'duhh', 'jadi', 'ga', 'nyaman', 'ya', 'kak', 'zulkifli', 'mengenai', 'kendala', 'melakukan', 'panggilan', 'yuk', 'infoin', 'nomor', 'hp', 'kakak', 'cogogv'];kiflizul duhh jadi ga nyaman ya kak zulkifli mengenai kendala melakukan panggilan yuk infoin nomor hp kakak cogogv;kiflizul duhh jadi ga nyaman ya kak zulkifli mengenai kendala melakukan panggilan yuk infoin nomor hp kakak cogogv;kiflizul duhh jadi ga nyaman kak zulkifli kena kendala laku panggil yuk infoin nomor hp kakak cogogv
13;13;13;@juliandany Dibuat bingung ya, Kak Julian. Terkait kendala nomor kartuHalo terblokir karena pembayaran telat. Yuk iâ€¦ https://t.co/i5tyw42pNH;juliandany dibuat bingung ya kak julian terkait kendala nomor kartuhalo terblokir karena pembayaran telat yuk coitywpnh;['juliandany', 'dibuat', 'bingung', 'ya', 'kak', 'julian', 'terkait', 'kendala', 'nomor', 'kartuhalo', 'terblokir', 'karena', 'pembayaran', 'telat', 'yuk', 'coitywpnh'];['juliandany', 'dibuat', 'bingung', 'ya', 'kak', 'julian', 'terkait', 'kendala', 'nomor', 'kartuhalo', 'terblokir', 'karena', 'pembayaran', 'telat', 'yuk', 'coitywpnh'];juliandany dibuat bingung ya kak julian terkait kendala nomor kartuhalo terblokir karena pembayaran telat yuk coitywpnh;juliandany dibuat bingung ya kak julian terkait kendala nomor kartuhalo terblokir karena pembayaran telat yuk coitywpnh;juliandany buat bingung kak juli kait kendala nomor kartuhalo blokir bayar telat yuk coitywpnh
14;14;14;@jejeeewwww Duh gak nyaman ya, Kak Jeje. Terkait kendala aktivasi paket melalui aplikasi MyTelkomsel. Yuk infoin noâ€¦ https://t.co/MMdPdNTvAl;jejeeewwww duh gak nyaman ya kak jeje terkait kendala aktivasi paket melalui aplikasi mytelkomsel yuk infoin no commdpdntval;['jejeeewwww', 'duh', 'gak', 'nyaman', 'ya', 'kak', 'jeje', 'terkait', 'kendala', 'aktivasi', 'paket', 'melalui', 'aplikasi', 'mytelkomsel', 'yuk', 'infoin', 'no', 'commdpdntval'];['jejeeewwww', 'duh', 'gak', 'nyaman', 'ya', 'kak', 'jeje', 'terkait', 'kendala', 'aktivasi', 'paket', 'melalui', 'aplikasi', 'mytelkomsel', 'yuk', 'infoin', 'no', 'commdpdntval'];jejeeewwww duh gak nyaman ya kak jeje terkait kendala aktivasi paket melalui aplikasi mytelkomsel yuk infoin no commdpdntval;jejeeewwww duh gak nyaman ya kak jeje terkait kendala aktivasi paket melalui aplikasi mytelkomsel yuk infoin no commdpdntval;jejeeewwww duh gak nyaman kak jeje kait kendala aktivasi paket lalu aplikasi mytelkomsel yuk infoin no commdpdntval
15;15;15;@DianPurwandi Dibuat gak nyaman ya, kak Dian. Kalo Kakak udah konfirmasi melalui DM, pasti dibantu proses ya, Kak.â€¦ https://t.co/QPzaWVXe29;dianpurwandi dibuat gak nyaman ya kak dian kalo kakak udah konfirmasi melalui dm pasti dibantu proses ya kak coqpzawv;['dianpurwandi', 'dibuat', 'gak', 'nyaman', 'ya', 'kak', 'dian', 'kalo', 'kakak', 'udah', 'konfirmasi', 'melalui', 'dm', 'pasti', 'dibantu', 'proses', 'ya', 'kak', 'coqpzawv'];['dianpurwandi', 'dibuat', 'gak', 'nyaman', 'ya', 'kak', 'dian', 'kalo', 'kakak', 'udah', 'konfirmasi', 'melalui', 'dm', 'pasti', 'dibantu', 'proses', 'ya', 'kak', 'coqpzawv'];dianpurwandi dibuat gak nyaman ya kak dian kalo kakak udah konfirmasi melalui dm pasti dibantu proses ya kak coqpzawv;dianpurwandi dibuat gak nyaman ya kak dian kalo kakak udah konfirmasi melalui dm pasti dibantu proses ya kak coqpzawv;dianpurwandi buat gak nyaman kak dian kalo kakak udah konfirmasi lalu dm bantu proses kak coqpzawv
16;16;16;@aiIurophiiIes Okeyy, Kak Chel. Tunggu interaksi selanjutnya di DM ya. Makasih :) -Micha;aiiurophiiies okeyy kak chel tunggu interaksi selanjutnya di dm ya makasih micha;['aiiurophiiies', 'okeyy', 'kak', 'chel', 'tunggu', 'interaksi', 'selanjutnya', 'di', 'dm', 'ya', 'makasih', 'micha'];['aiiurophiiies', 'okeyy', 'kak', 'chel', 'tunggu', 'interaksi', 'selanjutnya', 'di', 'dm', 'ya', 'makasih', 'micha'];aiiurophiiies okeyy kak chel tunggu interaksi selanjutnya di dm ya makasih micha;aiiurophiiies okeyy kak chel tunggu interaksi selanjutnya di dm ya makasih micha;aiiurophiiies okeyy chel tunggu interaksi lanjut dm makasih micha
17;17;17;@rizkyan27210789 Duh, Maaf nih Kak Rizkyan, udah keganggu. Mengenai kendala akses internet lambat. Yuk infoin nomorâ€¦ https://t.co/rsfj2YGEtm;rizkyan duh maaf nih kak rizkyan udah keganggu mengenai kendala akses internet lambat yuk infoin nomor corsfjygetm;['rizkyan', 'duh', 'maaf', 'nih', 'kak', 'rizkyan', 'udah', 'keganggu', 'mengenai', 'kendala', 'akses', 'internet', 'lambat', 'yuk', 'infoin', 'nomor', 'corsfjygetm'];['rizkyan', 'duh', 'maaf', 'nih', 'kak', 'rizkyan', 'udah', 'keganggu', 'mengenai', 'kendala', 'akses', 'internet', 'lambat', 'yuk', 'infoin', 'nomor', 'corsfjygetm'];rizkyan duh maaf nih kak rizkyan udah keganggu mengenai kendala akses internet lambat yuk infoin nomor corsfjygetm;rizkyan duh maaf nih kak rizkyan udah keganggu mengenai kendala akses internet lambat yuk infoin nomor corsfjygetm;rizkyan duh maaf nih rizkyan udah ganggu kena kendala akses internet lambat yuk infoin nomor corsfjygetm
18;18;18;@andaluise Hai, Kak Ayun. Maaf jadi ga nyaman. Mengenai kendala Disney+ Hotstar, kalo masih sama kuy interaksinya dâ€¦ https://t.co/jOFOCKdOHe;andaluise hai kak ayun maaf jadi ga nyaman mengenai kendala disney hotstar kalo masih sama kuy interaksinya cojofockdohe;['andaluise', 'hai', 'kak', 'ayun', 'maaf', 'jadi', 'ga', 'nyaman', 'mengenai', 'kendala', 'disney', 'hotstar', 'kalo', 'masih', 'sama', 'kuy', 'interaksinya', 'cojofockdohe'];['andaluise', 'hai', 'kak', 'ayun', 'maaf', 'jadi', 'ga', 'nyaman', 'mengenai', 'kendala', 'disney', 'hotstar', 'kalo', 'masih', 'sama', 'kuy', 'interaksinya', 'cojofockdohe'];andaluise hai kak ayun maaf jadi ga nyaman mengenai kendala disney hotstar kalo masih sama kuy interaksinya cojofockdohe;andaluise hai kak ayun maaf jadi ga nyaman mengenai kendala disney hotstar kalo masih sama kuy interaksinya cojofockdohe;andaluise hai ayun maaf jadi ga nyaman kena kendala disney hotstar kalo sama kuy interaksi cojofockdohe
19;19;19;@tnyamelia Okeyy, Kak Amelia. Tunggu interaksi selanjutnya di DM ya. Makasih :) -Micha;tnyamelia okeyy kak amelia tunggu interaksi selanjutnya di dm ya makasih micha;['tnyamelia', 'okeyy', 'kak', 'amelia', 'tunggu', 'interaksi', 'selanjutnya', 'di', 'dm', 'ya', 'makasih', 'micha'];['tnyamelia', 'okeyy', 'kak', 'amelia', 'tunggu', 'interaksi', 'selanjutnya', 'di', 'dm', 'ya', 'makasih', 'micha'];tnyamelia okeyy kak amelia tunggu interaksi selanjutnya di dm ya makasih micha;tnyamelia okeyy kak amelia tunggu interaksi selanjutnya di dm ya makasih micha;tnyamelia okeyy amelia tunggu interaksi lanjut dm makasih micha
20;20;20;@kemarinnsore Oke, Kak Ra. Arel senang jika informasinya membantu, tetap setia menggunakan Telkomsel ya. Sehat selaluðŸ˜‰ -Arel;kemarinnsore oke kak ra arel senang jika informasinya membantu tetap setia menggunakan telkomsel ya sehat selalu arel;['kemarinnsore', 'oke', 'kak', 'ra', 'arel', 'senang', 'jika', 'informasinya', 'membantu', 'tetap', 'setia', 'menggunakan', 'telkomsel', 'ya', 'sehat', 'selalu', 'arel'];['kemarinnsore', 'oke', 'kak', 'ra', 'arel', 'senang', 'jika', 'informasinya', 'membantu', 'tetap', 'setia', 'menggunakan', 'telkomsel', 'ya', 'sehat', 'selalu', 'arel'];kemarinnsore oke kak ra arel senang jika informasinya membantu tetap setia menggunakan telkomsel ya sehat selalu arel;kemarinnsore oke kak ra arel senang jika informasinya membantu tetap setia menggunakan telkomsel ya sehat selalu arel;kemarinnsore oke ra arel senang informasi bantu tetap setia guna telkomsel sehat selalu arel
21;21;21;@vachirait Hai, Kak Celi. Arel infoin, saat ini ada penyesuaian masa aktif. Masa aktif akan bertambah terhitung darâ€¦ https://t.co/GaSohlXhwa;vachirait hai kak celi arel infoin saat ini ada penyesuaian masa aktif masa aktif akan bertambah terhitung dar cogasohl;['vachirait', 'hai', 'kak', 'celi', 'arel', 'infoin', 'saat', 'ini', 'ada', 'penyesuaian', 'masa', 'aktif', 'masa', 'aktif', 'akan', 'bertambah', 'terhitung', 'dar', 'cogasohl'];['vachirait', 'hai', 'kak', 'celi', 'arel', 'infoin', 'saat', 'ini', 'ada', 'penyesuaian', 'masa', 'aktif', 'masa', 'aktif', 'akan', 'bertambah', 'terhitung', 'dar', 'cogasohl'];vachirait hai kak celi arel infoin saat ini ada penyesuaian masa aktif masa aktif akan bertambah terhitung dar cogasohl;vachirait hai kak celi arel infoin saat ini ada penyesuaian masa aktif masa aktif akan bertambah terhitung dar cogasohl;vachirait hai celi arel infoin ini sesuai masa aktif masa aktif tambah hitung dar cogasohl
22;22;22;@r4ndomthing Baik, Kak. Mohon berkenan menunggu interaksi selanjutnya via DM ya. MakasihðŸ˜Š -Arel;rndomthing baik kak mohon berkenan menunggu interaksi selanjutnya via dm ya makasih arel;['rndomthing', 'baik', 'kak', 'mohon', 'berkenan', 'menunggu', 'interaksi', 'selanjutnya', 'via', 'dm', 'ya', 'makasih', 'arel'];['rndomthing', 'baik', 'kak', 'mohon', 'berkenan', 'menunggu', 'interaksi', 'selanjutnya', 'via', 'dm', 'ya', 'makasih', 'arel'];rndomthing baik kak mohon berkenan menunggu interaksi selanjutnya via dm ya makasih arel;rndomthing baik kak mohon berkenan menunggu interaksi selanjutnya via dm ya makasih arel;rndomthing baik mohon kenan tunggu interaksi lanjut via dm makasih arel
23;23;23;@DeraOyy Baik, Kak Dera. Mohon berkenan menunggu interaksi selanjutnya di DM ya Kak. Terima kasihðŸ˜Š-Dofi;deraoyy baik kak dera mohon berkenan menunggu interaksi selanjutnya di dm ya kak terima kasih dofi;['deraoyy', 'baik', 'kak', 'dera', 'mohon', 'berkenan', 'menunggu', 'interaksi', 'selanjutnya', 'di', 'dm', 'ya', 'kak', 'terima', 'kasih', 'dofi'];['deraoyy', 'baik', 'kak', 'dera', 'mohon', 'berkenan', 'menunggu', 'interaksi', 'selanjutnya', 'di', 'dm', 'ya', 'kak', 'terima', 'kasih', 'dofi'];deraoyy baik kak dera mohon berkenan menunggu interaksi selanjutnya di dm ya kak terima kasih dofi;deraoyy baik kak dera mohon berkenan menunggu interaksi selanjutnya di dm ya kak terima kasih dofi;deraoyy baik dera mohon kenan tunggu interaksi lanjut dm kak terima kasih dofi
24;24;24;@DeraOyy Hai, Kak Dera. Maaf jadi ga nyaman. Mengenai kendala resgitrasi kartu Prepaid, kuy infoin Nomor HP via DMâ€¦ https://t.co/yh0qtwOtl6;deraoyy hai kak dera maaf jadi ga nyaman mengenai kendala resgitrasi kartu prepaid kuy infoin nomor hp via dm coyhqtwotl;['deraoyy', 'hai', 'kak', 'dera', 'maaf', 'jadi', 'ga', 'nyaman', 'mengenai', 'kendala', 'resgitrasi', 'kartu', 'prepaid', 'kuy', 'infoin', 'nomor', 'hp', 'via', 'dm', 'coyhqtwotl'];['deraoyy', 'hai', 'kak', 'dera', 'maaf', 'jadi', 'ga', 'nyaman', 'mengenai', 'kendala', 'resgitrasi', 'kartu', 'prepaid', 'kuy', 'infoin', 'nomor', 'hp', 'via', 'dm', 'coyhqtwotl'];deraoyy hai kak dera maaf jadi ga nyaman mengenai kendala resgitrasi kartu prepaid kuy infoin nomor hp via dm coyhqtwotl;deraoyy hai kak dera maaf jadi ga nyaman mengenai kendala resgitrasi kartu prepaid kuy infoin nomor hp via dm coyhqtwotl;deraoyy hai dera maaf jadi ga nyaman kena kendala resgitrasi kartu prepaid kuy infoin nomor hp via dm coyhqtwotl
25;25;25;@DeraOyy Dibuat bingung ya, Kak Dera. Terkait kendala registrasi kartu. Pastiin format sudah sesuai dengan cara SMSâ€¦ https://t.co/I1Tkr889w2;deraoyy dibuat bingung ya kak dera terkait kendala registrasi kartu pastiin format sudah sesuai dengan cara sms coitkrw;['deraoyy', 'dibuat', 'bingung', 'ya', 'kak', 'dera', 'terkait', 'kendala', 'registrasi', 'kartu', 'pastiin', 'format', 'sudah', 'sesuai', 'dengan', 'cara', 'sms', 'coitkrw'];['deraoyy', 'dibuat', 'bingung', 'ya', 'kak', 'dera', 'terkait', 'kendala', 'registrasi', 'kartu', 'pastiin', 'format', 'sudah', 'sesuai', 'dengan', 'cara', 'sms', 'coitkrw'];deraoyy dibuat bingung ya kak dera terkait kendala registrasi kartu pastiin format sudah sesuai dengan cara sms coitkrw;deraoyy dibuat bingung ya kak dera terkait kendala registrasi kartu pastiin format sudah sesuai dengan cara sms coitkrw;deraoyy buat bingung kak dera kait kendala registrasi kartu pastiin format sesuai cara sms coitkrw
26;26;26;@r4ndomthing Hai, kak. Maaf ya, Kak. Untuk kendalanya, silakan konfirmasi kembali ke DM, supaya dibantu lebih lanjuâ€¦ https://t.co/yxkTzPByGA;rndomthing hai kak maaf ya kak untuk kendalanya silakan konfirmasi kembali ke dm supaya dibantu lebih lanju co;['rndomthing', 'hai', 'kak', 'maaf', 'ya', 'kak', 'untuk', 'kendalanya', 'silakan', 'konfirmasi', 'kembali', 'ke', 'dm', 'supaya', 'dibantu', 'lebih', 'lanju', 'co'];['rndomthing', 'hai', 'kak', 'maaf', 'ya', 'kak', 'untuk', 'kendalanya', 'silakan', 'konfirmasi', 'kembali', 'ke', 'dm', 'supaya', 'dibantu', 'lebih', 'lanju', 'co'];rndomthing hai kak maaf ya kak untuk kendalanya silakan konfirmasi kembali ke dm supaya dibantu lebih lanju co;rndomthing hai kak maaf ya kak untuk kendalanya silakan konfirmasi kembali ke dm supaya dibantu lebih lanju co;rndomthing hai maaf kak kendala sila konfirmasi ke dm bantu lebih lanju co
27;27;27;@alananiga Selamat pagi juga Kak. Baik, Rara segera cek DM Kakak ya. Mohon ditunggu :) -Rara;alananiga selamat pagi juga kak baik rara segera cek dm kakak ya mohon ditunggu rara;['alananiga', 'selamat', 'pagi', 'juga', 'kak', 'baik', 'rara', 'segera', 'cek', 'dm', 'kakak', 'ya', 'mohon', 'ditunggu', 'rara'];['alananiga', 'selamat', 'pagi', 'juga', 'kak', 'baik', 'rara', 'segera', 'cek', 'dm', 'kakak', 'ya', 'mohon', 'ditunggu', 'rara'];alananiga selamat pagi juga kak baik rara segera cek dm kakak ya mohon ditunggu rara;alananiga selamat pagi juga kak baik rara segera cek dm kakak ya mohon ditunggu rara;alananiga selamat pagi kak baik rara segera cek dm kakak mohon tunggu rara
28;28;28;@tobatomat Dibuat bingung ya, Kak. Terkait reaktivasi kartu. Nomor yang udah melewatkan masa tenggang bisa di-reaktâ€¦ https://t.co/ZtvNdcOV6W;tobatomat dibuat bingung ya kak terkait reaktivasi kartu nomor yang udah melewatkan masa tenggang bisa di reakt coztvndcovw;['tobatomat', 'dibuat', 'bingung', 'ya', 'kak', 'terkait', 'reaktivasi', 'kartu', 'nomor', 'yang', 'udah', 'melewatkan', 'masa', 'tenggang', 'bisa', 'di', 'reakt', 'coztvndcovw'];['tobatomat', 'dibuat', 'bingung', 'ya', 'kak', 'terkait', 'reaktivasi', 'kartu', 'nomor', 'yang', 'udah', 'melewatkan', 'masa', 'tenggang', 'bisa', 'di', 'reakt', 'coztvndcovw'];tobatomat dibuat bingung ya kak terkait reaktivasi kartu nomor yang udah melewatkan masa tenggang bisa di reakt coztvndcovw;tobatomat dibuat bingung ya kak terkait reaktivasi kartu nomor yang udah melewatkan masa tenggang bisa di reakt coztvndcovw;tobatomat buat bingung kak kait reaktivasi kartu nomor udah lewat masa tenggang di reakt coztvndcovw
29;29;29;@nocrypt_ Maaf ya udah bikin gak nyaman :( Yuk infoin ke DM nomor HP sama detail kendala menerima SMS promo spam, bâ€¦ https://t.co/rIJjmUzu6p;nocrypt_ maaf ya udah bikin gak nyaman yuk infoin ke dm nomor hp sama detail kendala menerima sms promo spam corijjmuzup;['nocrypt_', 'maaf', 'ya', 'udah', 'bikin', 'gak', 'nyaman', 'yuk', 'infoin', 'ke', 'dm', 'nomor', 'hp', 'sama', 'detail', 'kendala', 'menerima', 'sms', 'promo', 'spam', 'corijjmuzup'];['nocrypt_', 'maaf', 'ya', 'udah', 'bikin', 'gak', 'nyaman', 'yuk', 'infoin', 'ke', 'dm', 'nomor', 'hp', 'sama', 'detail', 'kendala', 'menerima', 'sms', 'promo', 'spam', 'corijjmuzup'];nocrypt_ maaf ya udah bikin gak nyaman yuk infoin ke dm nomor hp sama detail kendala menerima sms promo spam corijjmuzup;nocrypt_ maaf ya udah bikin gak nyaman yuk infoin ke dm nomor hp sama detail kendala menerima sms promo spam corijjmuzup;nocrypt maaf udah bikin gak nyaman yuk infoin dm nomor hp sama detail kendala terima sms promo spam corijjmuzup
30;30;30;@arinda_sa Hai, Kak Arinda. Maaf ya untuk kendala berlangganan Disney+ Hotstar. Yuk Kak infoin nomor hp Kakak ke DMâ€¦ https://t.co/zNdg560X0h;arinda_sa hai kak arinda maaf ya untuk kendala berlangganan disney hotstar yuk kak infoin nomor hp kakak ke dm cozndg;['arinda_sa', 'hai', 'kak', 'arinda', 'maaf', 'ya', 'untuk', 'kendala', 'berlangganan', 'disney', 'hotstar', 'yuk', 'kak', 'infoin', 'nomor', 'hp', 'kakak', 'ke', 'dm', 'cozndg'];['arinda_sa', 'hai', 'kak', 'arinda', 'maaf', 'ya', 'untuk', 'kendala', 'berlangganan', 'disney', 'hotstar', 'yuk', 'kak', 'infoin', 'nomor', 'hp', 'kakak', 'ke', 'dm', 'cozndg'];arinda_sa hai kak arinda maaf ya untuk kendala berlangganan disney hotstar yuk kak infoin nomor hp kakak ke dm cozndg;arinda_sa hai kak arinda maaf ya untuk kendala berlangganan disney hotstar yuk kak infoin nomor hp kakak ke dm cozndg;arinda sa hai arinda maaf untuk kendala langgan disney hotstar yuk infoin nomor hp kakak dm cozndg
31;31;31;@kemarinnsore Morning juga Kak Ra. Micha infoin untuk Monetary Pulsa gak bisa digunain buat aktivasi paket ya, hanyâ€¦ https://t.co/gfG0QZIUrP;kemarinnsore morning juga kak ra micha infoin untuk monetary pulsa gak bisa digunain buat aktivasi paket ya hany cogfgqziurp;['kemarinnsore', 'morning', 'juga', 'kak', 'ra', 'micha', 'infoin', 'untuk', 'monetary', 'pulsa', 'gak', 'bisa', 'digunain', 'buat', 'aktivasi', 'paket', 'ya', 'hany', 'cogfgqziurp'];['kemarinnsore', 'morning', 'juga', 'kak', 'ra', 'micha', 'infoin', 'untuk', 'monetary', 'pulsa', 'gak', 'bisa', 'digunain', 'buat', 'aktivasi', 'paket', 'ya', 'hany', 'cogfgqziurp'];kemarinnsore morning juga kak ra micha infoin untuk monetary pulsa gak bisa digunain buat aktivasi paket ya hany cogfgqziurp;kemarinnsore morning juga kak ra micha infoin untuk monetary pulsa gak bisa digunain buat aktivasi paket ya hany cogfgqziurp;kemarinnsore morning kak ra micha infoin monetary pulsa gak digunain buat aktivasi paket hany cogfgqziurp
32;32;32;@WongIndonesiaOK Duh dibuat gak nyaman ya, kak. Mengenai kendala tarif layanan Telkomsel, saat ini ada penyesuaianâ€¦ https://t.co/YME4idwEkW;wongindonesiaok duh dibuat gak nyaman ya kak mengenai kendala tarif layanan telkomsel saat ini ada penyesuaian coymeidwekw;['wongindonesiaok', 'duh', 'dibuat', 'gak', 'nyaman', 'ya', 'kak', 'mengenai', 'kendala', 'tarif', 'layanan', 'telkomsel', 'saat', 'ini', 'ada', 'penyesuaian', 'coymeidwekw'];['wongindonesiaok', 'duh', 'dibuat', 'gak', 'nyaman', 'ya', 'kak', 'mengenai', 'kendala', 'tarif', 'layanan', 'telkomsel', 'saat', 'ini', 'ada', 'penyesuaian', 'coymeidwekw'];wongindonesiaok duh dibuat gak nyaman ya kak mengenai kendala tarif layanan telkomsel saat ini ada penyesuaian coymeidwekw;wongindonesiaok duh dibuat gak nyaman ya kak mengenai kendala tarif layanan telkomsel saat ini ada penyesuaian coymeidwekw;wongindonesiaok duh buat gak nyaman kak kena kendala tarif layan telkomsel ini sesuai coymeidwekw
33;33;33;@arinda_sa Dibuat bingung ya, Kak Arinda. Micha infoin sejak tanggal 30 Mei 22 ada beberapa paket yang udah gak berâ€¦ https://t.co/u7aoPqL53R;arinda_sa dibuat bingung ya kak arinda micha infoin sejak tanggal   mei   ada beberapa paket yang udah gak ber couaopqlr;['arinda_sa', 'dibuat', 'bingung', 'ya', 'kak', 'arinda', 'micha', 'infoin', 'sejak', 'tanggal', 'mei', 'ada', 'beberapa', 'paket', 'yang', 'udah', 'gak', 'ber', 'couaopqlr'];['arinda_sa', 'dibuat', 'bingung', 'ya', 'kak', 'arinda', 'micha', 'infoin', 'sejak', 'tanggal', 'mei', 'ada', 'beberapa', 'paket', 'yang', 'udah', 'gak', 'ber', 'couaopqlr'];arinda_sa dibuat bingung ya kak arinda micha infoin sejak tanggal mei ada beberapa paket yang udah gak ber couaopqlr;arinda_sa dibuat bingung ya kak arinda micha infoin sejak tanggal mei ada beberapa paket yang udah gak ber couaopqlr;arinda sa buat bingung kak arinda micha infoin sejak tanggal mei beberapa paket udah gak ber couaopqlr
34;34;34;@DidinAisah Hai, Kak Didin. Jangan lupa check-in setiap harinya ya Kak, agar ga ketinggalan rewardnya. Info lengkapâ€¦ https://t.co/k964LOhgl4;didinaisah hai kak didin jangan lupa check in setiap harinya ya kak agar ga ketinggalan rewardnya info lengkap coklohgl;['didinaisah', 'hai', 'kak', 'didin', 'jangan', 'lupa', 'check', 'in', 'setiap', 'harinya', 'ya', 'kak', 'agar', 'ga', 'ketinggalan', 'rewardnya', 'info', 'lengkap', 'coklohgl'];['didinaisah', 'hai', 'kak', 'didin', 'jangan', 'lupa', 'check', 'in', 'setiap', 'harinya', 'ya', 'kak', 'agar', 'ga', 'ketinggalan', 'rewardnya', 'info', 'lengkap', 'coklohgl'];didinaisah hai kak didin jangan lupa check in setiap harinya ya kak agar ga ketinggalan rewardnya info lengkap coklohgl;didinaisah hai kak didin jangan lupa check in setiap harinya ya kak agar ga ketinggalan rewardnya info lengkap coklohgl;didinaisah hai din jangan lupa check in hari kak ga tinggal rewardnya info lengkap coklohgl
35;35;35;@peachewrry Hai, Kak. Maaf atas ketidaknyaman yang dialami. Kuy interaksinya dilanjut via DM agar Arel bantu lebih lanjut. TksðŸ˜‰ -Arel;peachewrry hai kak maaf atas ketidaknyaman yang dialami kuy interaksinya dilanjut via dm agar arel bantu lebih lanjut tks arel;['peachewrry', 'hai', 'kak', 'maaf', 'atas', 'ketidaknyaman', 'yang', 'dialami', 'kuy', 'interaksinya', 'dilanjut', 'via', 'dm', 'agar', 'arel', 'bantu', 'lebih', 'lanjut', 'tks', 'arel'];['peachewrry', 'hai', 'kak', 'maaf', 'atas', 'ketidaknyaman', 'yang', 'dialami', 'kuy', 'interaksinya', 'dilanjut', 'via', 'dm', 'agar', 'arel', 'bantu', 'lebih', 'lanjut', 'tks', 'arel'];peachewrry hai kak maaf atas ketidaknyaman yang dialami kuy interaksinya dilanjut via dm agar arel bantu lebih lanjut tks arel;peachewrry hai kak maaf atas ketidaknyaman yang dialami kuy interaksinya dilanjut via dm agar arel bantu lebih lanjut tks arel;peachewrry hai maaf atas ketidaknyaman alami kuy interaksi lanjut via dm arel bantu lebih lanjut tks arel
36;36;36;@mszoa Baik, Kak Joy. Jika Kakak udah menyapa Kami di DM, mohon berkenan menunggu interaksi selanjutnya di DM ya Kak. Terima kasihðŸ˜Š-Dofi;mszoa baik kak joy jika kakak udah menyapa kami di dm mohon berkenan menunggu interaksi selanjutnya di dm ya kak terima kasih dofi;['mszoa', 'baik', 'kak', 'joy', 'jika', 'kakak', 'udah', 'menyapa', 'kami', 'di', 'dm', 'mohon', 'berkenan', 'menunggu', 'interaksi', 'selanjutnya', 'di', 'dm', 'ya', 'kak', 'terima', 'kasih', 'dofi'];['mszoa', 'baik', 'kak', 'joy', 'jika', 'kakak', 'udah', 'menyapa', 'kami', 'di', 'dm', 'mohon', 'berkenan', 'menunggu', 'interaksi', 'selanjutnya', 'di', 'dm', 'ya', 'kak', 'terima', 'kasih', 'dofi'];mszoa baik kak joy jika kakak udah menyapa kami di dm mohon berkenan menunggu interaksi selanjutnya di dm ya kak terima kasih dofi;mszoa baik kak joy jika kakak udah menyapa kami di dm mohon berkenan menunggu interaksi selanjutnya di dm ya kak terima kasih dofi;mszoa baik joy kakak udah sapa dm mohon kenan tunggu interaksi lanjut di dm kak terima kasih dofi
37;37;37;@CooPnet_Payment Okeyyy, Kak. Tunggu interaksi selanjutnya di DM ya. Makasih :) -Micha;coopnet_payment okeyyy kak tunggu interaksi selanjutnya di dm ya makasih micha;['coopnet_payment', 'okeyyy', 'kak', 'tunggu', 'interaksi', 'selanjutnya', 'di', 'dm', 'ya', 'makasih', 'micha'];['coopnet_payment', 'okeyyy', 'kak', 'tunggu', 'interaksi', 'selanjutnya', 'di', 'dm', 'ya', 'makasih', 'micha'];coopnet_payment okeyyy kak tunggu interaksi selanjutnya di dm ya makasih micha;coopnet_payment okeyyy kak tunggu interaksi selanjutnya di dm ya makasih micha;coopnet payment okeyyy tunggu interaksi lanjut dm makasih micha
38;38;38;@mszoa Baik, Kak Joy. Mohon berkenan menunggu interaksi selanjutnya di DM ya Kak. Terima kasihðŸ˜Š-Dofi;mszoa baik kak joy mohon berkenan menunggu interaksi selanjutnya di dm ya kak terima kasih dofi;['mszoa', 'baik', 'kak', 'joy', 'mohon', 'berkenan', 'menunggu', 'interaksi', 'selanjutnya', 'di', 'dm', 'ya', 'kak', 'terima', 'kasih', 'dofi'];['mszoa', 'baik', 'kak', 'joy', 'mohon', 'berkenan', 'menunggu', 'interaksi', 'selanjutnya', 'di', 'dm', 'ya', 'kak', 'terima', 'kasih', 'dofi'];mszoa baik kak joy mohon berkenan menunggu interaksi selanjutnya di dm ya kak terima kasih dofi;mszoa baik kak joy mohon berkenan menunggu interaksi selanjutnya di dm ya kak terima kasih dofi;mszoa baik joy mohon kenan tunggu interaksi lanjut dm kak terima kasih dofi
39;39;39;@minoohnim Hai, Kak Mino. Arel infoin untuk Prime Video Mobile, dapat diakses melalui perangkat smartphone dan maksâ€¦ https://t.co/5sJWY7zwTm;minoohnim hai kak mino arel infoin untuk prime video mobile dapat diakses melalui perangkat smartphone dan maks cosjwyzwtm;['minoohnim', 'hai', 'kak', 'mino', 'arel', 'infoin', 'untuk', 'prime', 'video', 'mobile', 'dapat', 'diakses', 'melalui', 'perangkat', 'smartphone', 'dan', 'maks', 'cosjwyzwtm'];['minoohnim', 'hai', 'kak', 'mino', 'arel', 'infoin', 'untuk', 'prime', 'video', 'mobile', 'dapat', 'diakses', 'melalui', 'perangkat', 'smartphone', 'dan', 'maks', 'cosjwyzwtm'];minoohnim hai kak mino arel infoin untuk prime video mobile dapat diakses melalui perangkat smartphone dan maks cosjwyzwtm;minoohnim hai kak mino arel infoin untuk prime video mobile dapat diakses melalui perangkat smartphone dan maks cosjwyzwtm;minoohnim hai mino arel infoin prime video mobile akses lalu perangkat smartphone maks cosjwyzwtm
40;40;40;@boo_vya Hai, Kak. Maaf ya untuk kendala MyTelkomsel. Yuk sapa Kami di DM agar privasi terjaga. Kami infoin juga unâ€¦ https://t.co/9j4TV3YkBJ;boo_vya hai kak maaf ya untuk kendala mytelkomsel yuk sapa kami di dm agar privasi terjaga kami infoin juga un cojtvykbj;['boo_vya', 'hai', 'kak', 'maaf', 'ya', 'untuk', 'kendala', 'mytelkomsel', 'yuk', 'sapa', 'kami', 'di', 'dm', 'agar', 'privasi', 'terjaga', 'kami', 'infoin', 'juga', 'un', 'cojtvykbj'];['boo_vya', 'hai', 'kak', 'maaf', 'ya', 'untuk', 'kendala', 'mytelkomsel', 'yuk', 'sapa', 'kami', 'di', 'dm', 'agar', 'privasi', 'terjaga', 'kami', 'infoin', 'juga', 'un', 'cojtvykbj'];boo_vya hai kak maaf ya untuk kendala mytelkomsel yuk sapa kami di dm agar privasi terjaga kami infoin juga un cojtvykbj;boo_vya hai kak maaf ya untuk kendala mytelkomsel yuk sapa kami di dm agar privasi terjaga kami infoin juga un cojtvykbj;boo vya hai maaf untuk kendala mytelkomsel yuk sapa di dm privasi jaga infoin un cojtvykbj
41;41;41;@Williamild Duh, Maaf nih Kak Will, udah keganggu. Mengenai kendala sinyal. Yuk infoin nomor HP, tanggal waktu kejaâ€¦ https://t.co/Z4MRvaeRql;williamild duh maaf nih kak will udah keganggu mengenai kendala sinyal yuk infoin nomor hp tanggal waktu keja cozmrvaerql;['williamild', 'duh', 'maaf', 'nih', 'kak', 'will', 'udah', 'keganggu', 'mengenai', 'kendala', 'sinyal', 'yuk', 'infoin', 'nomor', 'hp', 'tanggal', 'waktu', 'keja', 'cozmrvaerql'];['williamild', 'duh', 'maaf', 'nih', 'kak', 'will', 'udah', 'keganggu', 'mengenai', 'kendala', 'sinyal', 'yuk', 'infoin', 'nomor', 'hp', 'tanggal', 'waktu', 'keja', 'cozmrvaerql'];williamild duh maaf nih kak will udah keganggu mengenai kendala sinyal yuk infoin nomor hp tanggal waktu keja cozmrvaerql;williamild duh maaf nih kak will udah keganggu mengenai kendala sinyal yuk infoin nomor hp tanggal waktu keja cozmrvaerql;williamild duh maaf nih will udah ganggu kena kendala sinyal yuk infoin nomor hp tanggal waktu keja cozmrvaerql
42;42;42;@Saraahdvy Halo, Kak Sarah. Maaf ya. Mengenai kendala aplikasi MyTelkomsel, udah clear cache dan menggunakan apps vâ€¦ https://t.co/EvN5LPrdfG;saraahdvy halo kak sarah maaf ya mengenai kendala aplikasi mytelkomsel udah clear cache dan menggunakan apps coevnlprdfg;['saraahdvy', 'halo', 'kak', 'sarah', 'maaf', 'ya', 'mengenai', 'kendala', 'aplikasi', 'mytelkomsel', 'udah', 'clear', 'cache', 'dan', 'menggunakan', 'apps', 'coevnlprdfg'];['saraahdvy', 'halo', 'kak', 'sarah', 'maaf', 'ya', 'mengenai', 'kendala', 'aplikasi', 'mytelkomsel', 'udah', 'clear', 'cache', 'dan', 'menggunakan', 'apps', 'coevnlprdfg'];saraahdvy halo kak sarah maaf ya mengenai kendala aplikasi mytelkomsel udah clear cache dan menggunakan apps coevnlprdfg;saraahdvy halo kak sarah maaf ya mengenai kendala aplikasi mytelkomsel udah clear cache dan menggunakan apps coevnlprdfg;saraahdvy halo sarah maaf kena kendala aplikasi mytelkomsel udah clear cache guna apps coevnlprdfg
43;43;43;@lutfiahsiti_ Hai, Kak. Maafin untuk keluhan tarif paketnya. Telkomsel memberi penawaran secara personal sesuai proâ€¦ https://t.co/oGuQse7grx;lutfiahsiti_ hai kak maafin untuk keluhan tarif paketnya telkomsel memberi penawaran secara personal sesuai pro cooguqsegrx;['lutfiahsiti_', 'hai', 'kak', 'maafin', 'untuk', 'keluhan', 'tarif', 'paketnya', 'telkomsel', 'memberi', 'penawaran', 'secara', 'personal', 'sesuai', 'pro', 'cooguqsegrx'];['lutfiahsiti_', 'hai', 'kak', 'maafin', 'untuk', 'keluhan', 'tarif', 'paketnya', 'telkomsel', 'memberi', 'penawaran', 'secara', 'personal', 'sesuai', 'pro', 'cooguqsegrx'];lutfiahsiti_ hai kak maafin untuk keluhan tarif paketnya telkomsel memberi penawaran secara personal sesuai pro cooguqsegrx;lutfiahsiti_ hai kak maafin untuk keluhan tarif paketnya telkomsel memberi penawaran secara personal sesuai pro cooguqsegrx;lutfiahsiti hai maafin keluh tarif paket telkomsel beri tawar personal sesuai pro cooguqsegrx
44;44;44;@lutfiahsiti_ Hai, Kak Lutfiah. Maaf ya untuk keluhan tarif paketnya. Masih banyak kok paket murah lainnya dari Telâ€¦ https://t.co/yggm0I2O6A;lutfiahsiti_ hai kak lutfiah maaf ya untuk keluhan tarif paketnya masih banyak kok paket murah lainnya dari tel coyggmioa;['lutfiahsiti_', 'hai', 'kak', 'lutfiah', 'maaf', 'ya', 'untuk', 'keluhan', 'tarif', 'paketnya', 'masih', 'banyak', 'kok', 'paket', 'murah', 'lainnya', 'dari', 'tel', 'coyggmioa'];['lutfiahsiti_', 'hai', 'kak', 'lutfiah', 'maaf', 'ya', 'untuk', 'keluhan', 'tarif', 'paketnya', 'masih', 'banyak', 'kok', 'paket', 'murah', 'lainnya', 'dari', 'tel', 'coyggmioa'];lutfiahsiti_ hai kak lutfiah maaf ya untuk keluhan tarif paketnya masih banyak kok paket murah lainnya dari tel coyggmioa;lutfiahsiti_ hai kak lutfiah maaf ya untuk keluhan tarif paketnya masih banyak kok paket murah lainnya dari tel coyggmioa;lutfiahsiti hai lutfiah maaf untuk keluh tarif paket banyak kok paket murah lain tel coyggmioa
45;45;45;@lutfiahsiti_ Duhh jadi ga nyaman ya, Kak LutfiahðŸ˜¥ Mengenai keluhan tarif, Arel infoin bahwa harga dan beenfit sesuâ€¦ https://t.co/A2ge9riQgh;lutfiahsiti_ duhh jadi ga nyaman ya kak lutfiah mengenai keluhan tarif arel infoin bahwa harga dan beenfit sesu coageriqgh;['lutfiahsiti_', 'duhh', 'jadi', 'ga', 'nyaman', 'ya', 'kak', 'lutfiah', 'mengenai', 'keluhan', 'tarif', 'arel', 'infoin', 'bahwa', 'harga', 'dan', 'beenfit', 'sesu', 'coageriqgh'];['lutfiahsiti_', 'duhh', 'jadi', 'ga', 'nyaman', 'ya', 'kak', 'lutfiah', 'mengenai', 'keluhan', 'tarif', 'arel', 'infoin', 'bahwa', 'harga', 'dan', 'beenfit', 'sesu', 'coageriqgh'];lutfiahsiti_ duhh jadi ga nyaman ya kak lutfiah mengenai keluhan tarif arel infoin bahwa harga dan beenfit sesu coageriqgh;lutfiahsiti_ duhh jadi ga nyaman ya kak lutfiah mengenai keluhan tarif arel infoin bahwa harga dan beenfit sesu coageriqgh;lutfiahsiti duhh jadi ga nyaman kak lutfiah kena keluh tarif arel infoin harga beenfit sesu coageriqgh
46;46;46;@Marsha09871 Baik, Kak Marsha. Mohon berkenan menunggu interaksi selanjutnya di DM ya Kak. Terima kasihðŸ˜Š-Dofi;marsha baik kak marsha mohon berkenan menunggu interaksi selanjutnya di dm ya kak terima kasih dofi;['marsha', 'baik', 'kak', 'marsha', 'mohon', 'berkenan', 'menunggu', 'interaksi', 'selanjutnya', 'di', 'dm', 'ya', 'kak', 'terima', 'kasih', 'dofi'];['marsha', 'baik', 'kak', 'marsha', 'mohon', 'berkenan', 'menunggu', 'interaksi', 'selanjutnya', 'di', 'dm', 'ya', 'kak', 'terima', 'kasih', 'dofi'];marsha baik kak marsha mohon berkenan menunggu interaksi selanjutnya di dm ya kak terima kasih dofi;marsha baik kak marsha mohon berkenan menunggu interaksi selanjutnya di dm ya kak terima kasih dofi;marsha baik marsha mohon kenan tunggu interaksi lanjut dm kak terima kasih dofi
47;47;47;@krissapto Hai, Kak Kris. Maaf ya untuk Paket Darurat tiba-tiba aktif. Yuk infoin nomor hp Kakak ke DM agar Kami baâ€¦ https://t.co/0TT85aPW3X;krissapto hai kak kris maaf ya untuk paket darurat tiba tiba aktif yuk infoin nomor hp kakak ke dm agar kami ba cottapwx;['krissapto', 'hai', 'kak', 'kris', 'maaf', 'ya', 'untuk', 'paket', 'darurat', 'tiba', 'tiba', 'aktif', 'yuk', 'infoin', 'nomor', 'hp', 'kakak', 'ke', 'dm', 'agar', 'kami', 'ba', 'cottapwx'];['krissapto', 'hai', 'kak', 'kris', 'maaf', 'ya', 'untuk', 'paket', 'darurat', 'tiba', 'tiba', 'aktif', 'yuk', 'infoin', 'nomor', 'hp', 'kakak', 'ke', 'dm', 'agar', 'kami', 'ba', 'cottapwx'];krissapto hai kak kris maaf ya untuk paket darurat tiba tiba aktif yuk infoin nomor hp kakak ke dm agar kami ba cottapwx;krissapto hai kak kris maaf ya untuk paket darurat tiba tiba aktif yuk infoin nomor hp kakak ke dm agar kami ba cottapwx;krissapto hai kris maaf untuk paket darurat tiba tiba aktif yuk infoin nomor hp kakak dm kami ba cottapwx
48;48;48;@lutfiahsiti_ Hai, Kak Lutfiah. Maaf ya untuk keluhan tarif dan kuota dibagi. Coba deh infoin nomor hp Kakak ke DMâ€¦ https://t.co/o2jSfxxUL4;lutfiahsiti_ hai kak lutfiah maaf ya untuk keluhan tarif dan kuota dibagi coba deh infoin nomor hp kakak ke dm coojsf;['lutfiahsiti_', 'hai', 'kak', 'lutfiah', 'maaf', 'ya', 'untuk', 'keluhan', 'tarif', 'dan', 'kuota', 'dibagi', 'coba', 'deh', 'infoin', 'nomor', 'hp', 'kakak', 'ke', 'dm', 'coojsf'];['lutfiahsiti_', 'hai', 'kak', 'lutfiah', 'maaf', 'ya', 'untuk', 'keluhan', 'tarif', 'dan', 'kuota', 'dibagi', 'coba', 'deh', 'infoin', 'nomor', 'hp', 'kakak', 'ke', 'dm', 'coojsf'];lutfiahsiti_ hai kak lutfiah maaf ya untuk keluhan tarif dan kuota dibagi coba deh infoin nomor hp kakak ke dm coojsf;lutfiahsiti_ hai kak lutfiah maaf ya untuk keluhan tarif dan kuota dibagi coba deh infoin nomor hp kakak ke dm coojsf;lutfiahsiti hai lutfiah maaf untuk keluh tarif kuota bagi coba deh infoin nomor hp kakak dm coojsf
49;49;49;@bilawalpandhu Hai, Kak Pandhu. Maaf ya. Kami infoin, sejak 30 Mei 20 22 beberapa paket sudah tidak include berlangâ€¦ https://t.co/2Mdnov9kwn;bilawalpandhu hai kak pandhu maaf ya kami infoin sejak   mei     beberapa paket sudah tidak include berlang comdnovkwn;['bilawalpandhu', 'hai', 'kak', 'pandhu', 'maaf', 'ya', 'kami', 'infoin', 'sejak', 'mei', 'beberapa', 'paket', 'sudah', 'tidak', 'include', 'berlang', 'comdnovkwn'];['bilawalpandhu', 'hai', 'kak', 'pandhu', 'maaf', 'ya', 'kami', 'infoin', 'sejak', 'mei', 'beberapa', 'paket', 'sudah', 'tidak', 'include', 'berlang', 'comdnovkwn'];bilawalpandhu hai kak pandhu maaf ya kami infoin sejak mei beberapa paket sudah tidak include berlang comdnovkwn;bilawalpandhu hai kak pandhu maaf ya kami infoin sejak mei beberapa paket sudah tidak include berlang comdnovkwn;bilawalpandhu hai pandhu maaf kami infoin sejak mei beberapa paket tidak include lang comdnovkwn
50;50;50;@sandiblogging Baik, Kak Sandi. Mohon berkenan menunggu interaksi selanjutnya di DM ya Kak. Terima kasihðŸ˜Š-Dofi;sandiblogging baik kak sandi mohon berkenan menunggu interaksi selanjutnya di dm ya kak terima kasih dofi;['sandiblogging', 'baik', 'kak', 'sandi', 'mohon', 'berkenan', 'menunggu', 'interaksi', 'selanjutnya', 'di', 'dm', 'ya', 'kak', 'terima', 'kasih', 'dofi'];['sandiblogging', 'baik', 'kak', 'sandi', 'mohon', 'berkenan', 'menunggu', 'interaksi', 'selanjutnya', 'di', 'dm', 'ya', 'kak', 'terima', 'kasih', 'dofi'];sandiblogging baik kak sandi mohon berkenan menunggu interaksi selanjutnya di dm ya kak terima kasih dofi;sandiblogging baik kak sandi mohon berkenan menunggu interaksi selanjutnya di dm ya kak terima kasih dofi;sandiblogging baik sandi mohon kenan tunggu interaksi lanjut dm kak terima kasih dofi
51;51;51;@lestyasaridevi Baik, Kak Lestyasari. Mohon berkenan menunggu interaksi selanjutnya di DM ya Kak. Terima kasihðŸ˜Š-Dofi;lestyasaridevi baik kak lestyasari mohon berkenan menunggu interaksi selanjutnya di dm ya kak terima kasih dofi;['lestyasaridevi', 'baik', 'kak', 'lestyasari', 'mohon', 'berkenan', 'menunggu', 'interaksi', 'selanjutnya', 'di', 'dm', 'ya', 'kak', 'terima', 'kasih', 'dofi'];['lestyasaridevi', 'baik', 'kak', 'lestyasari', 'mohon', 'berkenan', 'menunggu', 'interaksi', 'selanjutnya', 'di', 'dm', 'ya', 'kak', 'terima', 'kasih', 'dofi'];lestyasaridevi baik kak lestyasari mohon berkenan menunggu interaksi selanjutnya di dm ya kak terima kasih dofi;lestyasaridevi baik kak lestyasari mohon berkenan menunggu interaksi selanjutnya di dm ya kak terima kasih dofi;lestyasaridevi baik lestyasari mohon kenan tunggu interaksi lanjut dm kak terima kasih dofi
52;52;52;@joshuahendii Baik, Kak Joshua. Mohon berkenan menunggu interaksi selanjutnya di DM ya Kak. Terima kasihðŸ˜Š-Dofi;joshuahendii baik kak joshua mohon berkenan menunggu interaksi selanjutnya di dm ya kak terima kasih dofi;['joshuahendii', 'baik', 'kak', 'joshua', 'mohon', 'berkenan', 'menunggu', 'interaksi', 'selanjutnya', 'di', 'dm', 'ya', 'kak', 'terima', 'kasih', 'dofi'];['joshuahendii', 'baik', 'kak', 'joshua', 'mohon', 'berkenan', 'menunggu', 'interaksi', 'selanjutnya', 'di', 'dm', 'ya', 'kak', 'terima', 'kasih', 'dofi'];joshuahendii baik kak joshua mohon berkenan menunggu interaksi selanjutnya di dm ya kak terima kasih dofi;joshuahendii baik kak joshua mohon berkenan menunggu interaksi selanjutnya di dm ya kak terima kasih dofi;joshuahendii baik joshua mohon kenan tunggu interaksi lanjut dm kak terima kasih dofi
53;53;53;@joshuahendii Hai, Kak Joshua. Maaf ya belum bisa nikmatin paket Disney+ Hotstar. Jangan khawatir, pasti akan dibanâ€¦ https://t.co/7PIjHNoVou;joshuahendii hai kak joshua maaf ya belum bisa nikmatin paket disney hotstar jangan khawatir pasti akan diban copijhnovou;['joshuahendii', 'hai', 'kak', 'joshua', 'maaf', 'ya', 'belum', 'bisa', 'nikmatin', 'paket', 'disney', 'hotstar', 'jangan', 'khawatir', 'pasti', 'akan', 'diban', 'copijhnovou'];['joshuahendii', 'hai', 'kak', 'joshua', 'maaf', 'ya', 'belum', 'bisa', 'nikmatin', 'paket', 'disney', 'hotstar', 'jangan', 'khawatir', 'pasti', 'akan', 'diban', 'copijhnovou'];joshuahendii hai kak joshua maaf ya belum bisa nikmatin paket disney hotstar jangan khawatir pasti akan diban copijhnovou;joshuahendii hai kak joshua maaf ya belum bisa nikmatin paket disney hotstar jangan khawatir pasti akan diban copijhnovou;joshuahendii hai joshua maaf belum nikmatin paket disney hotstar jangan khawatir akan ban copijhnovou
54;54;54;@AiEmalia Duhh udah nungguin ya, Kak AiðŸ˜¢ Arel cek DM Kakak sudah masuk dalam antrian. Mohon untuk menunggu interaksâ€¦ https://t.co/joCiebNbuP;aiemalia duhh udah nungguin ya kak ai arel cek dm kakak sudah masuk dalam antrian mohon untuk menunggu interaks cojociebnbup;['aiemalia', 'duhh', 'udah', 'nungguin', 'ya', 'kak', 'ai', 'arel', 'cek', 'dm', 'kakak', 'sudah', 'masuk', 'dalam', 'antrian', 'mohon', 'untuk', 'menunggu', 'interaks', 'cojociebnbup'];['aiemalia', 'duhh', 'udah', 'nungguin', 'ya', 'kak', 'ai', 'arel', 'cek', 'dm', 'kakak', 'sudah', 'masuk', 'dalam', 'antrian', 'mohon', 'untuk', 'menunggu', 'interaks', 'cojociebnbup'];aiemalia duhh udah nungguin ya kak ai arel cek dm kakak sudah masuk dalam antrian mohon untuk menunggu interaks cojociebnbup;aiemalia duhh udah nungguin ya kak ai arel cek dm kakak sudah masuk dalam antrian mohon untuk menunggu interaks cojociebnbup;aiemalia duhh udah nungguin kak ai arel cek dm kakak masuk antri mohon tunggu interaks cojociebnbup
55;55;55;@joshuahendii Hai, Kak Joshua. Arel ikut sedih atas kendala yang dialami. Mengenai kendala paket Disney+ Hotstar, kâ€¦ https://t.co/rysjN8HUZ7;joshuahendii hai kak joshua arel ikut sedih atas kendala yang dialami mengenai kendala paket disney hotstar corysjnhuz;['joshuahendii', 'hai', 'kak', 'joshua', 'arel', 'ikut', 'sedih', 'atas', 'kendala', 'yang', 'dialami', 'mengenai', 'kendala', 'paket', 'disney', 'hotstar', 'corysjnhuz'];['joshuahendii', 'hai', 'kak', 'joshua', 'arel', 'ikut', 'sedih', 'atas', 'kendala', 'yang', 'dialami', 'mengenai', 'kendala', 'paket', 'disney', 'hotstar', 'corysjnhuz'];joshuahendii hai kak joshua arel ikut sedih atas kendala yang dialami mengenai kendala paket disney hotstar corysjnhuz;joshuahendii hai kak joshua arel ikut sedih atas kendala yang dialami mengenai kendala paket disney hotstar corysjnhuz;joshuahendii hai joshua arel ikut sedih atas kendala alami kena kendala paket disney hotstar corysjnhuz
56;56;56;@lestyasaridevi Untuk pengecekan lebih lanjut, yuk infoin nomor hp, tanggal dan nominal pengisian ke DM agar privasâ€¦ https://t.co/ho4Um9d6L5;lestyasaridevi untuk pengecekan lebih lanjut yuk infoin nomor hp tanggal dan nominal pengisian ke dm agar privas cohoumdl;['lestyasaridevi', 'untuk', 'pengecekan', 'lebih', 'lanjut', 'yuk', 'infoin', 'nomor', 'hp', 'tanggal', 'dan', 'nominal', 'pengisian', 'ke', 'dm', 'agar', 'privas', 'cohoumdl'];['lestyasaridevi', 'untuk', 'pengecekan', 'lebih', 'lanjut', 'yuk', 'infoin', 'nomor', 'hp', 'tanggal', 'dan', 'nominal', 'pengisian', 'ke', 'dm', 'agar', 'privas', 'cohoumdl'];lestyasaridevi untuk pengecekan lebih lanjut yuk infoin nomor hp tanggal dan nominal pengisian ke dm agar privas cohoumdl;lestyasaridevi untuk pengecekan lebih lanjut yuk infoin nomor hp tanggal dan nominal pengisian ke dm agar privas cohoumdl;lestyasaridevi kece lebih lanjut yuk infoin nomor hp tanggal nominal isi dm privas cohoumdl
57;57;57;@lestyasaridevi Hai, Kak Lestyasari. Maaf ya untuk keluhan masa aktif ga bertambah. Kami infoin, saat ini Telkomselâ€¦ https://t.co/GXjWkeoEz5;lestyasaridevi hai kak lestyasari maaf ya untuk keluhan masa aktif ga bertambah kami infoin saat ini telkomsel co;['lestyasaridevi', 'hai', 'kak', 'lestyasari', 'maaf', 'ya', 'untuk', 'keluhan', 'masa', 'aktif', 'ga', 'bertambah', 'kami', 'infoin', 'saat', 'ini', 'telkomsel', 'co'];['lestyasaridevi', 'hai', 'kak', 'lestyasari', 'maaf', 'ya', 'untuk', 'keluhan', 'masa', 'aktif', 'ga', 'bertambah', 'kami', 'infoin', 'saat', 'ini', 'telkomsel', 'co'];lestyasaridevi hai kak lestyasari maaf ya untuk keluhan masa aktif ga bertambah kami infoin saat ini telkomsel co;lestyasaridevi hai kak lestyasari maaf ya untuk keluhan masa aktif ga bertambah kami infoin saat ini telkomsel co;lestyasaridevi hai lestyasari maaf untuk keluh masa aktif ga tambah infoin ini telkomsel co
58;58;58;@kkya25 Hai, Kak Kiky. Buah manggis, buah pepaya. Sabar ya manis, Arel lagi cek satu-satu DMnya. Mohon ditungguðŸ˜‰ -Arel;kkya hai kak kiky buah manggis buah pepaya sabar ya manis arel lagi cek satu satu dmnya mohon ditunggu arel;['kkya', 'hai', 'kak', 'kiky', 'buah', 'manggis', 'buah', 'pepaya', 'sabar', 'ya', 'manis', 'arel', 'lagi', 'cek', 'satu', 'satu', 'dmnya', 'mohon', 'ditunggu', 'arel'];['kkya', 'hai', 'kak', 'kiky', 'buah', 'manggis', 'buah', 'pepaya', 'sabar', 'ya', 'manis', 'arel', 'lagi', 'cek', 'satu', 'satu', 'dmnya', 'mohon', 'ditunggu', 'arel'];kkya hai kak kiky buah manggis buah pepaya sabar ya manis arel lagi cek satu satu dmnya mohon ditunggu arel;kkya hai kak kiky buah manggis buah pepaya sabar ya manis arel lagi cek satu satu dmnya mohon ditunggu arel;kkya hai kiky buah manggis buah pepaya sabar manis arel cek satu satu dmnya mohon tunggu arel
59;59;59;@keyopie Hai, Kak Jae. Untuk buat kartu dengan nomor yang sama belum bisa Kami bantu ya, silakan Kakak melakukan peâ€¦ https://t.co/NaE4vmLeV8;keyopie hai kak jae untuk buat kartu dengan nomor yang sama belum bisa kami bantu ya silakan kakak melakukan pe conaevmlev;['keyopie', 'hai', 'kak', 'jae', 'untuk', 'buat', 'kartu', 'dengan', 'nomor', 'yang', 'sama', 'belum', 'bisa', 'kami', 'bantu', 'ya', 'silakan', 'kakak', 'melakukan', 'pe', 'conaevmlev'];['keyopie', 'hai', 'kak', 'jae', 'untuk', 'buat', 'kartu', 'dengan', 'nomor', 'yang', 'sama', 'belum', 'bisa', 'kami', 'bantu', 'ya', 'silakan', 'kakak', 'melakukan', 'pe', 'conaevmlev'];keyopie hai kak jae untuk buat kartu dengan nomor yang sama belum bisa kami bantu ya silakan kakak melakukan pe conaevmlev;keyopie hai kak jae untuk buat kartu dengan nomor yang sama belum bisa kami bantu ya silakan kakak melakukan pe conaevmlev;keyopie hai jae buat kartu nomor sama bisa bantu sila kakak laku pe conaevmlev
60;60;60;@heavyrailn Baik, Kak. Mohon berkenan menunggu interaksi selanjutnya di DM ya Kak. Terima kasihðŸ˜Š-Dofi;heavyrailn baik kak mohon berkenan menunggu interaksi selanjutnya di dm ya kak terima kasih dofi;['heavyrailn', 'baik', 'kak', 'mohon', 'berkenan', 'menunggu', 'interaksi', 'selanjutnya', 'di', 'dm', 'ya', 'kak', 'terima', 'kasih', 'dofi'];['heavyrailn', 'baik', 'kak', 'mohon', 'berkenan', 'menunggu', 'interaksi', 'selanjutnya', 'di', 'dm', 'ya', 'kak', 'terima', 'kasih', 'dofi'];heavyrailn baik kak mohon berkenan menunggu interaksi selanjutnya di dm ya kak terima kasih dofi;heavyrailn baik kak mohon berkenan menunggu interaksi selanjutnya di dm ya kak terima kasih dofi;heavyrailn baik mohon kenan tunggu interaksi lanjut dm kak terima kasih dofi
61;61;61;@heavyrailn Hai, Kak. Pasti jadi ga nyaman ya Kak :(. Untuk kendala lemah, yuk infoin nomor hp dan lokasi (Kelurahaâ€¦ https://t.co/VqXSRI0OcV;heavyrailn hai kak pasti jadi ga nyaman ya kak untuk kendala lemah yuk infoin nomor hp dan lokasi keluraha covq;['heavyrailn', 'hai', 'kak', 'pasti', 'jadi', 'ga', 'nyaman', 'ya', 'kak', 'untuk', 'kendala', 'lemah', 'yuk', 'infoin', 'nomor', 'hp', 'dan', 'lokasi', 'keluraha', 'covq'];['heavyrailn', 'hai', 'kak', 'pasti', 'jadi', 'ga', 'nyaman', 'ya', 'kak', 'untuk', 'kendala', 'lemah', 'yuk', 'infoin', 'nomor', 'hp', 'dan', 'lokasi', 'keluraha', 'covq'];heavyrailn hai kak pasti jadi ga nyaman ya kak untuk kendala lemah yuk infoin nomor hp dan lokasi keluraha covq;heavyrailn hai kak pasti jadi ga nyaman ya kak untuk kendala lemah yuk infoin nomor hp dan lokasi keluraha covq;heavyrailn hai pasti jadi ga nyaman kak kendala lemah yuk infoin nomor hp lokasi keluraha covq
62;62;62;@Astrobo0y Baik, Kak Irfan. Pak lurah namanya adam. Gea segera meluncur ke DM. Mohon berkenan menunggu ya kak. Makasih ðŸ˜Š-Gea;astroboy baik kak irfan pak lurah namanya adam gea segera meluncur ke dm mohon berkenan menunggu ya kak makasih gea;['astroboy', 'baik', 'kak', 'irfan', 'pak', 'lurah', 'namanya', 'adam', 'gea', 'segera', 'meluncur', 'ke', 'dm', 'mohon', 'berkenan', 'menunggu', 'ya', 'kak', 'makasih', 'gea'];['astroboy', 'baik', 'kak', 'irfan', 'pak', 'lurah', 'namanya', 'adam', 'gea', 'segera', 'meluncur', 'ke', 'dm', 'mohon', 'berkenan', 'menunggu', 'ya', 'kak', 'makasih', 'gea'];astroboy baik kak irfan pak lurah namanya adam gea segera meluncur ke dm mohon berkenan menunggu ya kak makasih gea;astroboy baik kak irfan pak lurah namanya adam gea segera meluncur ke dm mohon berkenan menunggu ya kak makasih gea;astroboy baik irfan pak lurah nama adam gea segera luncur dm mohon kenan tunggu kak makasih gea
63;63;63;@Astrobo0y Halo, Kak Irfan. Mengenai informasi paket yang include dengan Disney+Hotstar, yuk infokan nomor Hp ke DMâ€¦ https://t.co/bJ7O3wWmWZ;astroboy halo kak irfan mengenai informasi paket yang include dengan disneyhotstar yuk infokan nomor hp ke dm cobjowwmwz;['astroboy', 'halo', 'kak', 'irfan', 'mengenai', 'informasi', 'paket', 'yang', 'include', 'dengan', 'disneyhotstar', 'yuk', 'infokan', 'nomor', 'hp', 'ke', 'dm', 'cobjowwmwz'];['astroboy', 'halo', 'kak', 'irfan', 'mengenai', 'informasi', 'paket', 'yang', 'include', 'dengan', 'disneyhotstar', 'yuk', 'infokan', 'nomor', 'hp', 'ke', 'dm', 'cobjowwmwz'];astroboy halo kak irfan mengenai informasi paket yang include dengan disneyhotstar yuk infokan nomor hp ke dm cobjowwmwz;astroboy halo kak irfan mengenai informasi paket yang include dengan disneyhotstar yuk infokan nomor hp ke dm cobjowwmwz;astroboy halo irfan kena informasi paket include disneyhotstar yuk info nomor hp dm cobjowwmwz
64;64;64;@ranyademure Hai, Kak Rania. Pasti udah ga sabar buat nikmatin paket Surprise Deal ya Kak? xixi, staytuned ya. Terima kasihðŸ˜Š-Dofi;ranyademure hai kak rania pasti udah ga sabar buat nikmatin paket surprise deal ya kak staytuned ya terima kasih dofi;['ranyademure', 'hai', 'kak', 'rania', 'pasti', 'udah', 'ga', 'sabar', 'buat', 'nikmatin', 'paket', 'surprise', 'deal', 'ya', 'kak', 'staytuned', 'ya', 'terima', 'kasih', 'dofi'];['ranyademure', 'hai', 'kak', 'rania', 'pasti', 'udah', 'ga', 'sabar', 'buat', 'nikmatin', 'paket', 'surprise', 'deal', 'ya', 'kak', 'staytuned', 'ya', 'terima', 'kasih', 'dofi'];ranyademure hai kak rania pasti udah ga sabar buat nikmatin paket surprise deal ya kak staytuned ya terima kasih dofi;ranyademure hai kak rania pasti udah ga sabar buat nikmatin paket surprise deal ya kak staytuned ya terima kasih dofi;ranyademure hai rania udah ga sabar buat nikmatin paket surprise deal kak staytuned terima kasih dofi
65;65;65;@inokiciw__ Hai, kak Ino. Maaf ya. Mengenai kendala tidak bisa gift paket, yuk infokan No.Hp, No. penerima, Tgl kejâ€¦ https://t.co/ljNKG0NE6S;inokiciw__ hai kak ino maaf ya mengenai kendala tidak bisa gift paket yuk infokan no hp no penerima tgl kej coljnkgnes;['inokiciw__', 'hai', 'kak', 'ino', 'maaf', 'ya', 'mengenai', 'kendala', 'tidak', 'bisa', 'gift', 'paket', 'yuk', 'infokan', 'no', 'hp', 'no', 'penerima', 'tgl', 'kej', 'coljnkgnes'];['inokiciw__', 'hai', 'kak', 'ino', 'maaf', 'ya', 'mengenai', 'kendala', 'tidak', 'bisa', 'gift', 'paket', 'yuk', 'infokan', 'no', 'hp', 'no', 'penerima', 'tgl', 'kej', 'coljnkgnes'];inokiciw__ hai kak ino maaf ya mengenai kendala tidak bisa gift paket yuk infokan no hp no penerima tgl kej coljnkgnes;inokiciw__ hai kak ino maaf ya mengenai kendala tidak bisa gift paket yuk infokan no hp no penerima tgl kej coljnkgnes;inokiciw hai ino maaf kena kendala bisa gift paket yuk info no hp no terima tgl kej coljnkgnes
66;66;66;@ArumTijo Pagi, Kak Arum. maaf banget ya. Mengenai kendala akses internet lambat. Mimin bantu ya, yuk infokan No.Hpâ€¦ https://t.co/iijtXYpjTv;arumtijo pagi kak arum maaf banget ya mengenai kendala akses internet lambat mimin bantu ya yuk infokan no hp coiijt;['arumtijo', 'pagi', 'kak', 'arum', 'maaf', 'banget', 'ya', 'mengenai', 'kendala', 'akses', 'internet', 'lambat', 'mimin', 'bantu', 'ya', 'yuk', 'infokan', 'no', 'hp', 'coiijt'];['arumtijo', 'pagi', 'kak', 'arum', 'maaf', 'banget', 'ya', 'mengenai', 'kendala', 'akses', 'internet', 'lambat', 'mimin', 'bantu', 'ya', 'yuk', 'infokan', 'no', 'hp', 'coiijt'];arumtijo pagi kak arum maaf banget ya mengenai kendala akses internet lambat mimin bantu ya yuk infokan no hp coiijt;arumtijo pagi kak arum maaf banget ya mengenai kendala akses internet lambat mimin bantu ya yuk infokan no hp coiijt;arumtijo pagi arum maaf banget kena kendala akses internet lambat mimin bantu yuk info no hp coiijt
67;67;67;@mahmudah_29 Baik, Kak Eka. meraih pohon dengan dagu, Mohon berkenan menunggu. MakasihðŸ˜Š-Gea;mahmudah_ baik kak eka meraih pohon dengan dagu mohon berkenan menunggu makasih gea;['mahmudah_', 'baik', 'kak', 'eka', 'meraih', 'pohon', 'dengan', 'dagu', 'mohon', 'berkenan', 'menunggu', 'makasih', 'gea'];['mahmudah_', 'baik', 'kak', 'eka', 'meraih', 'pohon', 'dengan', 'dagu', 'mohon', 'berkenan', 'menunggu', 'makasih', 'gea'];mahmudah_ baik kak eka meraih pohon dengan dagu mohon berkenan menunggu makasih gea;mahmudah_ baik kak eka meraih pohon dengan dagu mohon berkenan menunggu makasih gea;mahmudah baik eka raih pohon dagu mohon kenan tunggu makasih gea
68;68;68;@surishanza Baik, Kak Shanza. Gea segera meluncur ke DM ya. Mohon berkenan menunggu. Makasih ðŸ˜Š-Gea;surishanza baik kak shanza gea segera meluncur ke dm ya mohon berkenan menunggu makasih gea;['surishanza', 'baik', 'kak', 'shanza', 'gea', 'segera', 'meluncur', 'ke', 'dm', 'ya', 'mohon', 'berkenan', 'menunggu', 'makasih', 'gea'];['surishanza', 'baik', 'kak', 'shanza', 'gea', 'segera', 'meluncur', 'ke', 'dm', 'ya', 'mohon', 'berkenan', 'menunggu', 'makasih', 'gea'];surishanza baik kak shanza gea segera meluncur ke dm ya mohon berkenan menunggu makasih gea;surishanza baik kak shanza gea segera meluncur ke dm ya mohon berkenan menunggu makasih gea;surishanza baik shanza gea segera luncur dm mohon kenan tunggu makasih gea
69;69;69;@mahmudah_29 Baik, Kak. Pak lurah namanya adam. Gea segera meluncur ke DM. Makasih ðŸ˜Š-Gea;mahmudah_ baik kak pak lurah namanya adam gea segera meluncur ke dm makasih gea;['mahmudah_', 'baik', 'kak', 'pak', 'lurah', 'namanya', 'adam', 'gea', 'segera', 'meluncur', 'ke', 'dm', 'makasih', 'gea'];['mahmudah_', 'baik', 'kak', 'pak', 'lurah', 'namanya', 'adam', 'gea', 'segera', 'meluncur', 'ke', 'dm', 'makasih', 'gea'];mahmudah_ baik kak pak lurah namanya adam gea segera meluncur ke dm makasih gea;mahmudah_ baik kak pak lurah namanya adam gea segera meluncur ke dm makasih gea;mahmudah baik pak lurah nama adam gea segera luncur dm makasih gea
70;70;70;@pejuangkhilaf Maaf ya Kak. Ary sarankan untuk aktivasi paket yang tersedia ya Kak. Makasih ðŸ˜Š -Ary;pejuangkhilaf maaf ya kak ary sarankan untuk aktivasi paket yang tersedia ya kak makasih ary;['pejuangkhilaf', 'maaf', 'ya', 'kak', 'ary', 'sarankan', 'untuk', 'aktivasi', 'paket', 'yang', 'tersedia', 'ya', 'kak', 'makasih', 'ary'];['pejuangkhilaf', 'maaf', 'ya', 'kak', 'ary', 'sarankan', 'untuk', 'aktivasi', 'paket', 'yang', 'tersedia', 'ya', 'kak', 'makasih', 'ary'];pejuangkhilaf maaf ya kak ary sarankan untuk aktivasi paket yang tersedia ya kak makasih ary;pejuangkhilaf maaf ya kak ary sarankan untuk aktivasi paket yang tersedia ya kak makasih ary;pejuangkhilaf maaf kak ary saran aktivasi paket sedia kak makasih ary
71;71;71;@mahmudah_29 Pagi, Kak Eka. Mengenai informasi paket yg include dengan Disney+, yuk interaksinya dilanjut ke DM agaâ€¦ https://t.co/OXZg2WzkZD;mahmudah_ pagi kak eka mengenai informasi paket yg include dengan disney yuk interaksinya dilanjut ke dm aga co;['mahmudah_', 'pagi', 'kak', 'eka', 'mengenai', 'informasi', 'paket', 'yg', 'include', 'dengan', 'disney', 'yuk', 'interaksinya', 'dilanjut', 'ke', 'dm', 'aga', 'co'];['mahmudah_', 'pagi', 'kak', 'eka', 'mengenai', 'informasi', 'paket', 'yg', 'include', 'dengan', 'disney', 'yuk', 'interaksinya', 'dilanjut', 'ke', 'dm', 'aga', 'co'];mahmudah_ pagi kak eka mengenai informasi paket yg include dengan disney yuk interaksinya dilanjut ke dm aga co;mahmudah_ pagi kak eka mengenai informasi paket yg include dengan disney yuk interaksinya dilanjut ke dm aga co;mahmudah pagi eka kena informasi paket include disney yuk interaksi lanjut dm aga co
72;72;72;@pejuangkhilaf Baik, Kak. Maaf jadi ga nyaman. Jika kendalanya belum dapat terselesaikan, yuk kita lanjutin tek tokâ€¦ https://t.co/I3kEzLkCRr;pejuangkhilaf baik kak maaf jadi ga nyaman jika kendalanya belum dapat terselesaikan yuk kita lanjutin tek tok coikezlkcrr;['pejuangkhilaf', 'baik', 'kak', 'maaf', 'jadi', 'ga', 'nyaman', 'jika', 'kendalanya', 'belum', 'dapat', 'terselesaikan', 'yuk', 'kita', 'lanjutin', 'tek', 'tok', 'coikezlkcrr'];['pejuangkhilaf', 'baik', 'kak', 'maaf', 'jadi', 'ga', 'nyaman', 'jika', 'kendalanya', 'belum', 'dapat', 'terselesaikan', 'yuk', 'kita', 'lanjutin', 'tek', 'tok', 'coikezlkcrr'];pejuangkhilaf baik kak maaf jadi ga nyaman jika kendalanya belum dapat terselesaikan yuk kita lanjutin tek tok coikezlkcrr;pejuangkhilaf baik kak maaf jadi ga nyaman jika kendalanya belum dapat terselesaikan yuk kita lanjutin tek tok coikezlkcrr;pejuangkhilaf baik maaf jadi ga nyaman kendala dapat selesai yuk lanjutin tek tok coikezlkcrr
73;73;73;@TemannyaRobin  Baik, Kak Jorgi. Jika kendalanya belum dapat terselesaikan, yuk kita lanjutin tek tokannya di DM, Gâ€¦ https://t.co/c0gcimoYiy;temannyarobin baik kak jorgi jika kendalanya belum dapat terselesaikan yuk kita lanjutin tek tokannya di dm cocgcimoyiy;['temannyarobin', 'baik', 'kak', 'jorgi', 'jika', 'kendalanya', 'belum', 'dapat', 'terselesaikan', 'yuk', 'kita', 'lanjutin', 'tek', 'tokannya', 'di', 'dm', 'cocgcimoyiy'];['temannyarobin', 'baik', 'kak', 'jorgi', 'jika', 'kendalanya', 'belum', 'dapat', 'terselesaikan', 'yuk', 'kita', 'lanjutin', 'tek', 'tokannya', 'di', 'dm', 'cocgcimoyiy'];temannyarobin baik kak jorgi jika kendalanya belum dapat terselesaikan yuk kita lanjutin tek tokannya di dm cocgcimoyiy;temannyarobin baik kak jorgi jika kendalanya belum dapat terselesaikan yuk kita lanjutin tek tokannya di dm cocgcimoyiy;temannyarobin baik jorgi kendala dapat selesai yuk lanjutin tek tok dm cocgcimoyiy
74;74;74;@Daeng_Syamsul Pagi, Kak Syamsul.  Mohon maaf  terkait keluhan sinyal tidak stabil.  yuk infokan nomor HP, Lokasi dâ€¦ https://t.co/f2jf3OMKJy;daeng_syamsul pagi kak syamsul mohon maaf terkait keluhan sinyal tidak stabil yuk infokan nomor hp lokasi cofjfomkjy;['daeng_syamsul', 'pagi', 'kak', 'syamsul', 'mohon', 'maaf', 'terkait', 'keluhan', 'sinyal', 'tidak', 'stabil', 'yuk', 'infokan', 'nomor', 'hp', 'lokasi', 'cofjfomkjy'];['daeng_syamsul', 'pagi', 'kak', 'syamsul', 'mohon', 'maaf', 'terkait', 'keluhan', 'sinyal', 'tidak', 'stabil', 'yuk', 'infokan', 'nomor', 'hp', 'lokasi', 'cofjfomkjy'];daeng_syamsul pagi kak syamsul mohon maaf terkait keluhan sinyal tidak stabil yuk infokan nomor hp lokasi cofjfomkjy;daeng_syamsul pagi kak syamsul mohon maaf terkait keluhan sinyal tidak stabil yuk infokan nomor hp lokasi cofjfomkjy;daeng syamsul pagi syamsul mohon maaf kait keluh sinyal stabil yuk info nomor hp lokasi cofjfomkjy
75;75;75;@purnamaku_  Baik, Kak Purnama.  Mohon maaf ya, terkait keluhan jaringan, pastikan kakak sudah menginfokan nomor HPâ€¦ https://t.co/3E1ShXjXpr;purnamaku_ baik kak purnama mohon maaf ya terkait keluhan jaringan pastikan kakak sudah menginfokan nomor hp coesh;['purnamaku_', 'baik', 'kak', 'purnama', 'mohon', 'maaf', 'ya', 'terkait', 'keluhan', 'jaringan', 'pastikan', 'kakak', 'sudah', 'menginfokan', 'nomor', 'hp', 'coesh'];['purnamaku_', 'baik', 'kak', 'purnama', 'mohon', 'maaf', 'ya', 'terkait', 'keluhan', 'jaringan', 'pastikan', 'kakak', 'sudah', 'menginfokan', 'nomor', 'hp', 'coesh'];purnamaku_ baik kak purnama mohon maaf ya terkait keluhan jaringan pastikan kakak sudah menginfokan nomor hp coesh;purnamaku_ baik kak purnama mohon maaf ya terkait keluhan jaringan pastikan kakak sudah menginfokan nomor hp coesh;purnama baik purnama mohon maaf kait keluh jaring pasti kakak info nomor hp coesh
76;76;76;@TemannyaRobin Pagi, Kak Jorgi  Maafin ya. Boleh ceritain detail kendala yang kakak alami? Gea siap bantu loh, atauâ€¦ https://t.co/wWIFI2UFO8;temannyarobin pagi kak jorgi maafin ya boleh ceritain detail kendala yang kakak alami gea siap bantu loh atau cowwifiufo;['temannyarobin', 'pagi', 'kak', 'jorgi', 'maafin', 'ya', 'boleh', 'ceritain', 'detail', 'kendala', 'yang', 'kakak', 'alami', 'gea', 'siap', 'bantu', 'loh', 'atau', 'cowwifiufo'];['temannyarobin', 'pagi', 'kak', 'jorgi', 'maafin', 'ya', 'boleh', 'ceritain', 'detail', 'kendala', 'yang', 'kakak', 'alami', 'gea', 'siap', 'bantu', 'loh', 'atau', 'cowwifiufo'];temannyarobin pagi kak jorgi maafin ya boleh ceritain detail kendala yang kakak alami gea siap bantu loh atau cowwifiufo;temannyarobin pagi kak jorgi maafin ya boleh ceritain detail kendala yang kakak alami gea siap bantu loh atau cowwifiufo;temannyarobin pagi jorgi maafin boleh ceritain detail kendala kakak alami gea siap bantu atau cowwifiufo
77;77;77;@fikrimaret Pagi, Kak Fikri. Maafin ya. Boleh ceritain detail kendala yang kakak alami? Gea siap bantu loh, atau Kaâ€¦ https://t.co/OEke2Kun0O;fikrimaret pagi kak fikri maafin ya boleh ceritain detail kendala yang kakak alami gea siap bantu loh atau ka cooekekuno;['fikrimaret', 'pagi', 'kak', 'fikri', 'maafin', 'ya', 'boleh', 'ceritain', 'detail', 'kendala', 'yang', 'kakak', 'alami', 'gea', 'siap', 'bantu', 'loh', 'atau', 'ka', 'cooekekuno'];['fikrimaret', 'pagi', 'kak', 'fikri', 'maafin', 'ya', 'boleh', 'ceritain', 'detail', 'kendala', 'yang', 'kakak', 'alami', 'gea', 'siap', 'bantu', 'loh', 'atau', 'ka', 'cooekekuno'];fikrimaret pagi kak fikri maafin ya boleh ceritain detail kendala yang kakak alami gea siap bantu loh atau ka cooekekuno;fikrimaret pagi kak fikri maafin ya boleh ceritain detail kendala yang kakak alami gea siap bantu loh atau ka cooekekuno;fikrimaret pagi fikri maafin boleh ceritain detail kendala kakak alami gea siap bantu atau ka cooekekuno
78;78;78;@did1k Maaf ya Kak Dikdik, mengenai eSIM saat ini masih dalam pengembangan ya Kak. Makasih ðŸ˜Š -Ary;didk maaf ya kak dikdik mengenai esim saat ini masih dalam pengembangan ya kak makasih ary;['didk', 'maaf', 'ya', 'kak', 'dikdik', 'mengenai', 'esim', 'saat', 'ini', 'masih', 'dalam', 'pengembangan', 'ya', 'kak', 'makasih', 'ary'];['didk', 'maaf', 'ya', 'kak', 'dikdik', 'mengenai', 'esim', 'saat', 'ini', 'masih', 'dalam', 'pengembangan', 'ya', 'kak', 'makasih', 'ary'];didk maaf ya kak dikdik mengenai esim saat ini masih dalam pengembangan ya kak makasih ary;didk maaf ya kak dikdik mengenai esim saat ini masih dalam pengembangan ya kak makasih ary;didk maaf kak dikdik kena esim ini dalam kembang kak makasih ary
79;79;79;@Dedi_Novendi Duhh, pasti gak nyaman banget ya kak :( Boleh dong infoin ke DM nomor HP yang berkendala sama detailâ€¦ https://t.co/A6DGrHr1ax;dedi_novendi duhh pasti gak nyaman banget ya kak boleh dong infoin ke dm nomor hp yang berkendala sama detail coadgrhrax;['dedi_novendi', 'duhh', 'pasti', 'gak', 'nyaman', 'banget', 'ya', 'kak', 'boleh', 'dong', 'infoin', 'ke', 'dm', 'nomor', 'hp', 'yang', 'berkendala', 'sama', 'detail', 'coadgrhrax'];['dedi_novendi', 'duhh', 'pasti', 'gak', 'nyaman', 'banget', 'ya', 'kak', 'boleh', 'dong', 'infoin', 'ke', 'dm', 'nomor', 'hp', 'yang', 'berkendala', 'sama', 'detail', 'coadgrhrax'];dedi_novendi duhh pasti gak nyaman banget ya kak boleh dong infoin ke dm nomor hp yang berkendala sama detail coadgrhrax;dedi_novendi duhh pasti gak nyaman banget ya kak boleh dong infoin ke dm nomor hp yang berkendala sama detail coadgrhrax;dedi novendi duhh gak nyaman banget kak dong infoin dm nomor hp kendala sama detail coadgrhrax
80;80;80;@khann_04 Halo, Kak. Mengenai informasi reaktivasi nomor. Yuk infokan nomor yang berkendala ke DM ya, Gea coba bantu kendanya. Makasih ðŸ˜Š-Gea;khann_ halo kak mengenai informasi reaktivasi nomor yuk infokan nomor yang berkendala ke dm ya gea coba bantu kendanya makasih gea;['khann_', 'halo', 'kak', 'mengenai', 'informasi', 'reaktivasi', 'nomor', 'yuk', 'infokan', 'nomor', 'yang', 'berkendala', 'ke', 'dm', 'ya', 'gea', 'coba', 'bantu', 'kendanya', 'makasih', 'gea'];['khann_', 'halo', 'kak', 'mengenai', 'informasi', 'reaktivasi', 'nomor', 'yuk', 'infokan', 'nomor', 'yang', 'berkendala', 'ke', 'dm', 'ya', 'gea', 'coba', 'bantu', 'kendanya', 'makasih', 'gea'];khann_ halo kak mengenai informasi reaktivasi nomor yuk infokan nomor yang berkendala ke dm ya gea coba bantu kendanya makasih gea;khann_ halo kak mengenai informasi reaktivasi nomor yuk infokan nomor yang berkendala ke dm ya gea coba bantu kendanya makasih gea;khann halo kena informasi reaktivasi nomor yuk info nomor kendala dm gea coba bantu kendanya makasih gea
81;81;81;@altexxyz Aduh, Maaf ya Kak. Paket yang mana? Yuk interaksinya dilanjut di DM ya, agar Gea bisa bantu kendala yangâ€¦ https://t.co/R2kgmYVJix;alte aduh maaf ya kak paket yang mana yuk interaksinya dilanjut di dm ya agar gea bisa bantu kendala yang corkgmyvjix;['alte', 'aduh', 'maaf', 'ya', 'kak', 'paket', 'yang', 'mana', 'yuk', 'interaksinya', 'dilanjut', 'di', 'dm', 'ya', 'agar', 'gea', 'bisa', 'bantu', 'kendala', 'yang', 'corkgmyvjix'];['alte', 'aduh', 'maaf', 'ya', 'kak', 'paket', 'yang', 'mana', 'yuk', 'interaksinya', 'dilanjut', 'di', 'dm', 'ya', 'agar', 'gea', 'bisa', 'bantu', 'kendala', 'yang', 'corkgmyvjix'];alte aduh maaf ya kak paket yang mana yuk interaksinya dilanjut di dm ya agar gea bisa bantu kendala yang corkgmyvjix;alte aduh maaf ya kak paket yang mana yuk interaksinya dilanjut di dm ya agar gea bisa bantu kendala yang corkgmyvjix;alte aduh maaf kak paket mana yuk interaksi lanjut dm agar gea bantu kendala corkgmyvjix
82;82;82;@miyaaaawz Halo, Kak Miya. Maaf ya, terkait tidak tersedianya paket Combo SAKTI include Disney+ Hotstar di MyTelkomâ€¦ https://t.co/6Ywl7tSLW0;miyaaaawz halo kak miya maaf ya terkait tidak tersedianya paket combo sakti include disney hotstar di mytelkom coywltslw;['miyaaaawz', 'halo', 'kak', 'miya', 'maaf', 'ya', 'terkait', 'tidak', 'tersedianya', 'paket', 'combo', 'sakti', 'include', 'disney', 'hotstar', 'di', 'mytelkom', 'coywltslw'];['miyaaaawz', 'halo', 'kak', 'miya', 'maaf', 'ya', 'terkait', 'tidak', 'tersedianya', 'paket', 'combo', 'sakti', 'include', 'disney', 'hotstar', 'di', 'mytelkom', 'coywltslw'];miyaaaawz halo kak miya maaf ya terkait tidak tersedianya paket combo sakti include disney hotstar di mytelkom coywltslw;miyaaaawz halo kak miya maaf ya terkait tidak tersedianya paket combo sakti include disney hotstar di mytelkom coywltslw;miyaaaawz halo miya maaf kait sedia paket combo sakti include disney hotstar mytelkom coywltslw
83;83;83;@altexxyz Halo kak  :) Masa sih mahal semua kak, kan ada paket promonya. Coba DM nomornya biar bisa dibantu pengeceâ€¦ https://t.co/Bt0TQLeVGG;alte halo kak masa sih mahal semua kak kan ada paket promonya coba dm nomornya biar bisa dibantu pengece cobttqlevgg;['alte', 'halo', 'kak', 'masa', 'sih', 'mahal', 'semua', 'kak', 'kan', 'ada', 'paket', 'promonya', 'coba', 'dm', 'nomornya', 'biar', 'bisa', 'dibantu', 'pengece', 'cobttqlevgg'];['alte', 'halo', 'kak', 'masa', 'sih', 'mahal', 'semua', 'kak', 'kan', 'ada', 'paket', 'promonya', 'coba', 'dm', 'nomornya', 'biar', 'bisa', 'dibantu', 'pengece', 'cobttqlevgg'];alte halo kak masa sih mahal semua kak kan ada paket promonya coba dm nomornya biar bisa dibantu pengece cobttqlevgg;alte halo kak masa sih mahal semua kak kan ada paket promonya coba dm nomornya biar bisa dibantu pengece cobttqlevgg;alte halo masa mahal semua kan paket promonya coba dm nomor biar bantu kece cobttqlevgg
84;84;84;@22november7 Malam, Kak. Mengenai Paket bundling. Yuk interaksinya dilanjut di DM ya, agar Gea bisa saranin paket Dâ€¦ https://t.co/aBlhhd0MIk;  november malam kak mengenai paket bundling yuk interaksinya dilanjut di dm ya agar gea bisa saranin paket coablhhdmik;['november', 'malam', 'kak', 'mengenai', 'paket', 'bundling', 'yuk', 'interaksinya', 'dilanjut', 'di', 'dm', 'ya', 'agar', 'gea', 'bisa', 'saranin', 'paket', 'coablhhdmik'];['november', 'malam', 'kak', 'mengenai', 'paket', 'bundling', 'yuk', 'interaksinya', 'dilanjut', 'di', 'dm', 'ya', 'agar', 'gea', 'bisa', 'saranin', 'paket', 'coablhhdmik'];november malam kak mengenai paket bundling yuk interaksinya dilanjut di dm ya agar gea bisa saranin paket coablhhdmik;november malam kak mengenai paket bundling yuk interaksinya dilanjut di dm ya agar gea bisa saranin paket coablhhdmik;november malam kena paket bundling yuk interaksi lanjut dm agar gea saranin paket coablhhdmik
85;85;85;@ardannnp Baik, Kak Ardan. Maaf ya, terkait keluhan akses internet lambat, silakan infokan nomor HP, Lokasi detail,â€¦ https://t.co/j5Yuao3tfA;ardannnp baik kak ardan maaf ya terkait keluhan akses internet lambat silakan infokan nomor hp lokasi detail cojyuaotfa;['ardannnp', 'baik', 'kak', 'ardan', 'maaf', 'ya', 'terkait', 'keluhan', 'akses', 'internet', 'lambat', 'silakan', 'infokan', 'nomor', 'hp', 'lokasi', 'detail', 'cojyuaotfa'];['ardannnp', 'baik', 'kak', 'ardan', 'maaf', 'ya', 'terkait', 'keluhan', 'akses', 'internet', 'lambat', 'silakan', 'infokan', 'nomor', 'hp', 'lokasi', 'detail', 'cojyuaotfa'];ardannnp baik kak ardan maaf ya terkait keluhan akses internet lambat silakan infokan nomor hp lokasi detail cojyuaotfa;ardannnp baik kak ardan maaf ya terkait keluhan akses internet lambat silakan infokan nomor hp lokasi detail cojyuaotfa;ardannnp baik ardan maaf kait keluh akses internet lambat sila info nomor hp lokasi detail cojyuaotfa
86;86;86;@sanchoo9779 Baik, Kak. Gea ikut senang jika kendalanya sudah bisa teratasi. Jika ada pertanyaan atau keluhan lainnâ€¦ https://t.co/MOHtMYQr7C;sanchoo baik kak gea ikut senang jika kendalanya sudah bisa teratasi jika ada pertanyaan atau keluhan lainn comohtmyqrc;['sanchoo', 'baik', 'kak', 'gea', 'ikut', 'senang', 'jika', 'kendalanya', 'sudah', 'bisa', 'teratasi', 'jika', 'ada', 'pertanyaan', 'atau', 'keluhan', 'lainn', 'comohtmyqrc'];['sanchoo', 'baik', 'kak', 'gea', 'ikut', 'senang', 'jika', 'kendalanya', 'sudah', 'bisa', 'teratasi', 'jika', 'ada', 'pertanyaan', 'atau', 'keluhan', 'lainn', 'comohtmyqrc'];sanchoo baik kak gea ikut senang jika kendalanya sudah bisa teratasi jika ada pertanyaan atau keluhan lainn comohtmyqrc;sanchoo baik kak gea ikut senang jika kendalanya sudah bisa teratasi jika ada pertanyaan atau keluhan lainn comohtmyqrc;sanchoo baik gea ikut senang kendala bisa atas ada tanya keluh lainn comohtmyqrc
87;87;87;@pejuangkhilaf Baik, Kak. Jangan khawatir, jangan sedih, jangan risau. Gea pasti kasih tau penawaran paket terbaikâ€¦ https://t.co/YwLjmrgdGQ;pejuangkhilaf baik kak jangan khawatir jangan sedih jangan risau gea pasti kasih tau penawaran paket terbaik coywljmrgdgq;['pejuangkhilaf', 'baik', 'kak', 'jangan', 'khawatir', 'jangan', 'sedih', 'jangan', 'risau', 'gea', 'pasti', 'kasih', 'tau', 'penawaran', 'paket', 'terbaik', 'coywljmrgdgq'];['pejuangkhilaf', 'baik', 'kak', 'jangan', 'khawatir', 'jangan', 'sedih', 'jangan', 'risau', 'gea', 'pasti', 'kasih', 'tau', 'penawaran', 'paket', 'terbaik', 'coywljmrgdgq'];pejuangkhilaf baik kak jangan khawatir jangan sedih jangan risau gea pasti kasih tau penawaran paket terbaik coywljmrgdgq;pejuangkhilaf baik kak jangan khawatir jangan sedih jangan risau gea pasti kasih tau penawaran paket terbaik coywljmrgdgq;pejuangkhilaf baik jangan khawatir jangan sedih jangan risau gea kasih tau tawar paket baik coywljmrgdgq
88;88;88;@borjueis Halo, Kak Milan. Terkait reaktivasi kartu, saat ini hanya bisa dibantu apabila nomor belum melewati waktuâ€¦ https://t.co/qYFJWUTC4T;borjueis halo kak milan terkait reaktivasi kartu saat ini hanya bisa dibantu apabila nomor belum melewati waktu coqyfjwutct;['borjueis', 'halo', 'kak', 'milan', 'terkait', 'reaktivasi', 'kartu', 'saat', 'ini', 'hanya', 'bisa', 'dibantu', 'apabila', 'nomor', 'belum', 'melewati', 'waktu', 'coqyfjwutct'];['borjueis', 'halo', 'kak', 'milan', 'terkait', 'reaktivasi', 'kartu', 'saat', 'ini', 'hanya', 'bisa', 'dibantu', 'apabila', 'nomor', 'belum', 'melewati', 'waktu', 'coqyfjwutct'];borjueis halo kak milan terkait reaktivasi kartu saat ini hanya bisa dibantu apabila nomor belum melewati waktu coqyfjwutct;borjueis halo kak milan terkait reaktivasi kartu saat ini hanya bisa dibantu apabila nomor belum melewati waktu coqyfjwutct;borjueis halo mil kait reaktivasi kartu ini bisa bantu apabila nomor lewat waktu coqyfjwutct
89;89;89;@KaDRuN_ToL0L Sudah infoin nomornya ke DM? Yuk interaksinya dilanjut ke DM ya, Gea kasih tau nih penawaran paket teâ€¦ https://t.co/cS9xM9ttJe;kadrun_toll sudah infoin nomornya ke dm yuk interaksinya dilanjut ke dm ya gea kasih tau nih penawaran paket te cocs;['kadrun_toll', 'sudah', 'infoin', 'nomornya', 'ke', 'dm', 'yuk', 'interaksinya', 'dilanjut', 'ke', 'dm', 'ya', 'gea', 'kasih', 'tau', 'nih', 'penawaran', 'paket', 'te', 'cocs'];['kadrun_toll', 'sudah', 'infoin', 'nomornya', 'ke', 'dm', 'yuk', 'interaksinya', 'dilanjut', 'ke', 'dm', 'ya', 'gea', 'kasih', 'tau', 'nih', 'penawaran', 'paket', 'te', 'cocs'];kadrun_toll sudah infoin nomornya ke dm yuk interaksinya dilanjut ke dm ya gea kasih tau nih penawaran paket te cocs;kadrun_toll sudah infoin nomornya ke dm yuk interaksinya dilanjut ke dm ya gea kasih tau nih penawaran paket te cocs;kadrun toll infoin nomor dm yuk interaksi lanjut dm gea kasih tau nih tawar paket te cocs
90;90;90;@starlightclairo  Halo, Kak Renata. Paket yang ada Disney+ ya. hmm. Yuk interaksi dilanjut ke DM, Gea kasih tau pakâ€¦ https://t.co/PspBdxG0W3;starlightclairo halo kak renata paket yang ada disney ya hmm yuk interaksi dilanjut ke dm gea kasih tau pak copspbd;['starlightclairo', 'halo', 'kak', 'renata', 'paket', 'yang', 'ada', 'disney', 'ya', 'hmm', 'yuk', 'interaksi', 'dilanjut', 'ke', 'dm', 'gea', 'kasih', 'tau', 'pak', 'copspbd'];['starlightclairo', 'halo', 'kak', 'renata', 'paket', 'yang', 'ada', 'disney', 'ya', 'hmm', 'yuk', 'interaksi', 'dilanjut', 'ke', 'dm', 'gea', 'kasih', 'tau', 'pak', 'copspbd'];starlightclairo halo kak renata paket yang ada disney ya hmm yuk interaksi dilanjut ke dm gea kasih tau pak copspbd;starlightclairo halo kak renata paket yang ada disney ya hmm yuk interaksi dilanjut ke dm gea kasih tau pak copspbd;starlightclairo halo renata paket ada disney hmm yuk interaksi lanjut dm gea kasih tau pak copspbd
91;91;91;@Dedi_Novendi Halo, Kak Deddy. Maaf ya. Mengenai mendapat Spam Call. Gea bantu cek kendalanya ya, yuk infoin No.HP,â€¦ https://t.co/ASoojFPnlD;dedi_novendi halo kak deddy maaf ya mengenai mendapat spam call gea bantu cek kendalanya ya yuk infoin no hp coasoojfpnld;['dedi_novendi', 'halo', 'kak', 'deddy', 'maaf', 'ya', 'mengenai', 'mendapat', 'spam', 'call', 'gea', 'bantu', 'cek', 'kendalanya', 'ya', 'yuk', 'infoin', 'no', 'hp', 'coasoojfpnld'];['dedi_novendi', 'halo', 'kak', 'deddy', 'maaf', 'ya', 'mengenai', 'mendapat', 'spam', 'call', 'gea', 'bantu', 'cek', 'kendalanya', 'ya', 'yuk', 'infoin', 'no', 'hp', 'coasoojfpnld'];dedi_novendi halo kak deddy maaf ya mengenai mendapat spam call gea bantu cek kendalanya ya yuk infoin no hp coasoojfpnld;dedi_novendi halo kak deddy maaf ya mengenai mendapat spam call gea bantu cek kendalanya ya yuk infoin no hp coasoojfpnld;dedi novendi halo deddy maaf kena dapat spam call gea bantu cek kendala yuk infoin no hp coasoojfpnld
92;92;92;@rutotelkomsel Baik, Kak, Maaf untuk keterlambatan Gea bales DMnya. Mohon berkenan menunggu ya Kak. Makasih ðŸ˜Š-Gea;rutotelkomsel baik kak maaf untuk keterlambatan gea bales dmnya mohon berkenan menunggu ya kak makasih gea;['rutotelkomsel', 'baik', 'kak', 'maaf', 'untuk', 'keterlambatan', 'gea', 'bales', 'dmnya', 'mohon', 'berkenan', 'menunggu', 'ya', 'kak', 'makasih', 'gea'];['rutotelkomsel', 'baik', 'kak', 'maaf', 'untuk', 'keterlambatan', 'gea', 'bales', 'dmnya', 'mohon', 'berkenan', 'menunggu', 'ya', 'kak', 'makasih', 'gea'];rutotelkomsel baik kak maaf untuk keterlambatan gea bales dmnya mohon berkenan menunggu ya kak makasih gea;rutotelkomsel baik kak maaf untuk keterlambatan gea bales dmnya mohon berkenan menunggu ya kak makasih gea;rutotelkomsel baik maaf lambat gea bales dmnya mohon kenan tunggu kak makasih gea
93;93;93;@sanchoo9779  Malam-malam main catur, Gea segera meluncur. ðŸ˜Š-Gea;sanchoo malam malam main catur gea segera meluncur gea;['sanchoo', 'malam', 'malam', 'main', 'catur', 'gea', 'segera', 'meluncur', 'gea'];['sanchoo', 'malam', 'malam', 'main', 'catur', 'gea', 'segera', 'meluncur', 'gea'];sanchoo malam malam main catur gea segera meluncur gea;sanchoo malam malam main catur gea segera meluncur gea;sanchoo malam malam main catur gea segera luncur gea
94;94;94;@Amin7821527955  Si maya ga suka diatur, mimin segera meluncur ðŸ˜Š-Gea;amin <phone> si maya ga suka diatur mimin segera meluncur gea;['amin', '<', 'phone', '>', 'si', 'maya', 'ga', 'suka', 'diatur', 'mimin', 'segera', 'meluncur', 'gea'];['amin', '<', 'phone', '>', 'si', 'maya', 'ga', 'suka', 'diatur', 'mimin', 'segera', 'meluncur', 'gea'];amin < phone > si maya ga suka diatur mimin segera meluncur gea;amin < phone > si maya ga suka diatur mimin segera meluncur gea;amin phone si maya ga suka atur mimin segera luncur gea
95;95;95;@KaDRuN_ToL0L Aduh, Maaf ya Kak jadi gak nyaman. Mengenai benefit paket, Gea bantu carikan paket yang cocok buat Kaâ€¦ https://t.co/8EBm6AxPMH;kadrun_toll aduh maaf ya kak jadi gak nyaman mengenai benefit paket gea bantu carikan paket yang cocok buat ka coebma;['kadrun_toll', 'aduh', 'maaf', 'ya', 'kak', 'jadi', 'gak', 'nyaman', 'mengenai', 'benefit', 'paket', 'gea', 'bantu', 'carikan', 'paket', 'yang', 'cocok', 'buat', 'ka', 'coebma'];['kadrun_toll', 'aduh', 'maaf', 'ya', 'kak', 'jadi', 'gak', 'nyaman', 'mengenai', 'benefit', 'paket', 'gea', 'bantu', 'carikan', 'paket', 'yang', 'cocok', 'buat', 'ka', 'coebma'];kadrun_toll aduh maaf ya kak jadi gak nyaman mengenai benefit paket gea bantu carikan paket yang cocok buat ka coebma;kadrun_toll aduh maaf ya kak jadi gak nyaman mengenai benefit paket gea bantu carikan paket yang cocok buat ka coebma;kadrun toll aduh maaf kak jadi gak nyaman kena benefit paket gea bantu cari paket cocok buat ka coebma
96;96;96;@kecroh Pak lurah makan kue cucur. Gea segera meluncur ðŸ˜Š-Gea;kecroh pak lurah makan kue cucur gea segera meluncur gea;['kecroh', 'pak', 'lurah', 'makan', 'kue', 'cucur', 'gea', 'segera', 'meluncur', 'gea'];['kecroh', 'pak', 'lurah', 'makan', 'kue', 'cucur', 'gea', 'segera', 'meluncur', 'gea'];kecroh pak lurah makan kue cucur gea segera meluncur gea;kecroh pak lurah makan kue cucur gea segera meluncur gea;kecroh pak lurah makan kue cucur gea segera luncur gea
97;97;97;@rutotelkomsel Makan buah sambil lembur. Mohon menunggu Gea segera meluncur. ðŸ˜Š-Gea;rutotelkomsel makan buah sambil lembur mohon menunggu gea segera meluncur gea;['rutotelkomsel', 'makan', 'buah', 'sambil', 'lembur', 'mohon', 'menunggu', 'gea', 'segera', 'meluncur', 'gea'];['rutotelkomsel', 'makan', 'buah', 'sambil', 'lembur', 'mohon', 'menunggu', 'gea', 'segera', 'meluncur', 'gea'];rutotelkomsel makan buah sambil lembur mohon menunggu gea segera meluncur gea;rutotelkomsel makan buah sambil lembur mohon menunggu gea segera meluncur gea;rutotelkomsel makan buah lembur mohon tunggu gea segera luncur gea
98;98;98;@pejuangkhilaf Hai, Kak. Maafin ya. Boleh ceritain detail kendala yang kakak alami? Gea siap bantu loh, atau Kakakâ€¦ https://t.co/UGD32FwDwC;pejuangkhilaf hai kak maafin ya boleh ceritain detail kendala yang kakak alami gea siap bantu loh atau kakak cougdfwdwc;['pejuangkhilaf', 'hai', 'kak', 'maafin', 'ya', 'boleh', 'ceritain', 'detail', 'kendala', 'yang', 'kakak', 'alami', 'gea', 'siap', 'bantu', 'loh', 'atau', 'kakak', 'cougdfwdwc'];['pejuangkhilaf', 'hai', 'kak', 'maafin', 'ya', 'boleh', 'ceritain', 'detail', 'kendala', 'yang', 'kakak', 'alami', 'gea', 'siap', 'bantu', 'loh', 'atau', 'kakak', 'cougdfwdwc'];pejuangkhilaf hai kak maafin ya boleh ceritain detail kendala yang kakak alami gea siap bantu loh atau kakak cougdfwdwc;pejuangkhilaf hai kak maafin ya boleh ceritain detail kendala yang kakak alami gea siap bantu loh atau kakak cougdfwdwc;pejuangkhilaf hai maafin boleh ceritain detail kendala kakak alami gea siap bantu atau kakak cougdfwdwc
99;99;99;@pejuangkhilaf Masa sih mahal Kak? Coba kasih tau nomor HP yang digunakan via DM biar dibantuin cek paket promo yanâ€¦ https://t.co/PWkF8lesC1;pejuangkhilaf masa sih mahal kak coba kasih tau nomor hp yang digunakan via dm biar dibantuin cek paket promo yan copwkflesc;['pejuangkhilaf', 'masa', 'sih', 'mahal', 'kak', 'coba', 'kasih', 'tau', 'nomor', 'hp', 'yang', 'digunakan', 'via', 'dm', 'biar', 'dibantuin', 'cek', 'paket', 'promo', 'yan', 'copwkflesc'];['pejuangkhilaf', 'masa', 'sih', 'mahal', 'kak', 'coba', 'kasih', 'tau', 'nomor', 'hp', 'yang', 'digunakan', 'via', 'dm', 'biar', 'dibantuin', 'cek', 'paket', 'promo', 'yan', 'copwkflesc'];pejuangkhilaf masa sih mahal kak coba kasih tau nomor hp yang digunakan via dm biar dibantuin cek paket promo yan copwkflesc;pejuangkhilaf masa sih mahal kak coba kasih tau nomor hp yang digunakan via dm biar dibantuin cek paket promo yan copwkflesc;pejuangkhilaf masa mahal coba kasih tau nomor hp guna via dm biar dibantuin cek paket promo yan copwkflesc
