;Unnamed: 0;Tweets;langkah01;token;token_akhir;langkah02
0;0;@FirahAlam Baik, Kak Stark. Mohon berkenan menunggu interaksi selanjutnya di DM ya Kak. Terima kasihðŸ˜Š-Dofi;baik kak stark mohon berkenan menunggu interaksi selanjutnya di dm ya kak terima kasih dofi;['baik', 'kak', 'stark', 'mohon', 'berkenan', 'menunggu', 'interaksi', 'selanjutnya', 'di', 'dm', 'ya', 'kak', 'terima', 'kasih', 'dofi'];['baik', 'kak', 'stark', 'mohon', 'berkenan', 'menunggu', 'interaksi', 'selanjutnya', 'di', 'dm', 'ya', 'kak', 'terima', 'kasih', 'dofi'];baik kak stark mohon berkenan menunggu interaksi selanjutnya di dm ya kak terima kasih dofi
1;1;@FirahAlam Halo, Kak Stark. Maaf ya, terkait kendala aktivasi paket. Yuk infoin nomor hp dan tanggal kejadian via Dâ€¦ https://t.co/riSzAob0BK;halo kak stark maaf ya terkait kendala aktivasi paket yuk infoin nomor hp dan tanggal kejadian via;['halo', 'kak', 'stark', 'maaf', 'ya', 'terkait', 'kendala', 'aktivasi', 'paket', 'yuk', 'infoin', 'nomor', 'hp', 'dan', 'tanggal', 'kejadian', 'via'];['halo', 'kak', 'stark', 'maaf', 'ya', 'terkait', 'kendala', 'aktivasi', 'paket', 'yuk', 'infoin', 'nomor', 'hp', 'dan', 'tanggal', 'kejadian', 'via'];halo kak stark maaf ya terkait kendala aktivasi paket yuk infoin nomor hp dan tanggal kejadian via
2;2;@t1kamer4d Dibuat gak nyaman ya, Kak George. Notifikasi tersebut merupakan promosi paket internet dari MyTelkomselâ€¦ https://t.co/2KsYB5ZW6F;dibuat gak nyaman ya kak george notifikasi tersebut merupakan promosi paket internet dari mytelkomsel;['dibuat', 'gak', 'nyaman', 'ya', 'kak', 'george', 'notifikasi', 'tersebut', 'merupakan', 'promosi', 'paket', 'internet', 'dari', 'mytelkomsel'];['dibuat', 'gak', 'nyaman', 'ya', 'kak', 'george', 'notifikasi', 'tersebut', 'merupakan', 'promosi', 'paket', 'internet', 'dari', 'mytelkomsel'];dibuat gak nyaman ya kak george notifikasi tersebut merupakan promosi paket internet dari mytelkomsel
3;3;@andre_sni Baik, Kak Andre. Mohon berkenan menunggu interaksi selanjutnya di DM ya Kak. Terima kasihðŸ˜Š-Dofi;_sni baik kak andre mohon berkenan menunggu interaksi selanjutnya di dm ya kak terima kasih dofi;['_sni', 'baik', 'kak', 'andre', 'mohon', 'berkenan', 'menunggu', 'interaksi', 'selanjutnya', 'di', 'dm', 'ya', 'kak', 'terima', 'kasih', 'dofi'];['_sni', 'baik', 'kak', 'andre', 'mohon', 'berkenan', 'menunggu', 'interaksi', 'selanjutnya', 'di', 'dm', 'ya', 'kak', 'terima', 'kasih', 'dofi'];_sni baik kak andre mohon berkenan menunggu interaksi selanjutnya di dm ya kak terima kasih dofi
4;4;@myowish Hai, Kak Alen. Telkomsel dan Disney+ Hotstar masih bekerja sama kok, jika Kakak ingin berlangganan Disney+â€¦ https://t.co/ug5OqHpHPO;hai kak alen telkomsel dan disney hotstar masih bekerja sama kok jika kakak ingin berlangganan disney;['hai', 'kak', 'alen', 'telkomsel', 'dan', 'disney', 'hotstar', 'masih', 'bekerja', 'sama', 'kok', 'jika', 'kakak', 'ingin', 'berlangganan', 'disney'];['hai', 'kak', 'alen', 'telkomsel', 'dan', 'disney', 'hotstar', 'masih', 'bekerja', 'sama', 'kok', 'jika', 'kakak', 'ingin', 'berlangganan', 'disney'];hai kak alen telkomsel dan disney hotstar masih bekerja sama kok jika kakak ingin berlangganan disney
5;5;@Omndut0105 Hai, Kak. Maaf ya untuk ketidaksesuian tarif penawarannya. Yuk infoin nomor hp dan tanggal kejadian keâ€¦ https://t.co/tmSCQeBsB2;hai kak maaf ya untuk ketidaksesuian tarif penawarannya yuk infoin nomor hp dan tanggal kejadian ke;['hai', 'kak', 'maaf', 'ya', 'untuk', 'ketidaksesuian', 'tarif', 'penawarannya', 'yuk', 'infoin', 'nomor', 'hp', 'dan', 'tanggal', 'kejadian', 'ke'];['hai', 'kak', 'maaf', 'ya', 'untuk', 'ketidaksesuian', 'tarif', 'penawarannya', 'yuk', 'infoin', 'nomor', 'hp', 'dan', 'tanggal', 'kejadian', 'ke'];hai kak maaf ya untuk ketidaksesuian tarif penawarannya yuk infoin nomor hp dan tanggal kejadian ke
6;6;@hesnataa Hai, Kak Hesnata. Maaf ya untuk kendala cek pulsa, yuk infoin nomor hp, tanggal kejadian dan capture keteâ€¦ https://t.co/1hyKhy3Wc4;hai kak hesnata maaf ya untuk kendala cek pulsa yuk infoin nomor hp tanggal kejadian dan capture kete;['hai', 'kak', 'hesnata', 'maaf', 'ya', 'untuk', 'kendala', 'cek', 'pulsa', 'yuk', 'infoin', 'nomor', 'hp', 'tanggal', 'kejadian', 'dan', 'capture', 'kete'];['hai', 'kak', 'hesnata', 'maaf', 'ya', 'untuk', 'kendala', 'cek', 'pulsa', 'yuk', 'infoin', 'nomor', 'hp', 'tanggal', 'kejadian', 'dan', 'capture', 'kete'];hai kak hesnata maaf ya untuk kendala cek pulsa yuk infoin nomor hp tanggal kejadian dan capture kete
7;7;@kiflizul1 Baik, Kak Zulkifli. Maaf untuk validasinya dan kendala melakukan panggilan. Yuk sapa Kami di DM agar priâ€¦ https://t.co/h0VUTvMFXL;baik kak zulkifli maaf untuk validasinya dan kendala melakukan panggilan yuk sapa kami di dm agar pri;['baik', 'kak', 'zulkifli', 'maaf', 'untuk', 'validasinya', 'dan', 'kendala', 'melakukan', 'panggilan', 'yuk', 'sapa', 'kami', 'di', 'dm', 'agar', 'pri'];['baik', 'kak', 'zulkifli', 'maaf', 'untuk', 'validasinya', 'dan', 'kendala', 'melakukan', 'panggilan', 'yuk', 'sapa', 'kami', 'di', 'dm', 'agar', 'pri'];baik kak zulkifli maaf untuk validasinya dan kendala melakukan panggilan yuk sapa kami di dm agar pri
8;8;@muhammaddahlanc Oke, Kak Dahlan. Arel segera meluncur buat cek DM Kakak. Mohon berkenan menunggu. MakasihðŸ˜Š-Arel;oke kak dahlan arel segera meluncur buat cek dm kakak mohon berkenan menunggu makasih arel;['oke', 'kak', 'dahlan', 'arel', 'segera', 'meluncur', 'buat', 'cek', 'dm', 'kakak', 'mohon', 'berkenan', 'menunggu', 'makasih', 'arel'];['oke', 'kak', 'dahlan', 'arel', 'segera', 'meluncur', 'buat', 'cek', 'dm', 'kakak', 'mohon', 'berkenan', 'menunggu', 'makasih', 'arel'];oke kak dahlan arel segera meluncur buat cek dm kakak mohon berkenan menunggu makasih arel
9;9;@kiflizul1 Hai, Kak Zulkifli. Maaf ya untuk keluhan internetnya. Jika datanya masih sama dengan sebelumnya silakanâ€¦ https://t.co/WUcPaCQZVB;hai kak zulkifli maaf ya untuk keluhan internetnya jika datanya masih sama dengan sebelumnya silakan;['hai', 'kak', 'zulkifli', 'maaf', 'ya', 'untuk', 'keluhan', 'internetnya', 'jika', 'datanya', 'masih', 'sama', 'dengan', 'sebelumnya', 'silakan'];['hai', 'kak', 'zulkifli', 'maaf', 'ya', 'untuk', 'keluhan', 'internetnya', 'jika', 'datanya', 'masih', 'sama', 'dengan', 'sebelumnya', 'silakan'];hai kak zulkifli maaf ya untuk keluhan internetnya jika datanya masih sama dengan sebelumnya silakan
10;10;@juliandany Baik, Kak Julian. Mohon berkenan menunggu interaksi selanjutnya di DM ya Kak. Terima kasihðŸ˜Š-Dofi;baik kak julian mohon berkenan menunggu interaksi selanjutnya di dm ya kak terima kasih dofi;['baik', 'kak', 'julian', 'mohon', 'berkenan', 'menunggu', 'interaksi', 'selanjutnya', 'di', 'dm', 'ya', 'kak', 'terima', 'kasih', 'dofi'];['baik', 'kak', 'julian', 'mohon', 'berkenan', 'menunggu', 'interaksi', 'selanjutnya', 'di', 'dm', 'ya', 'kak', 'terima', 'kasih', 'dofi'];baik kak julian mohon berkenan menunggu interaksi selanjutnya di dm ya kak terima kasih dofi
11;11;@muhammaddahlanc Keganggu ya, Kak Dahlan. Mengenai kendala aktivasi paket belum masuk. Yuk infoin nomor HP, lokasiâ€¦ https://t.co/Fvi3tpEzWy;keganggu ya kak dahlan mengenai kendala aktivasi paket belum masuk yuk infoin nomor hp lokasi;['keganggu', 'ya', 'kak', 'dahlan', 'mengenai', 'kendala', 'aktivasi', 'paket', 'belum', 'masuk', 'yuk', 'infoin', 'nomor', 'hp', 'lokasi'];['keganggu', 'ya', 'kak', 'dahlan', 'mengenai', 'kendala', 'aktivasi', 'paket', 'belum', 'masuk', 'yuk', 'infoin', 'nomor', 'hp', 'lokasi'];keganggu ya kak dahlan mengenai kendala aktivasi paket belum masuk yuk infoin nomor hp lokasi
12;12;@kiflizul1 Duhh jadi ga nyaman ya, Kak ZulkifliðŸ˜¥ Mengenai kendala melakukan panggilan, yuk infoin Nomor HP Kakak, Nâ€¦ https://t.co/gOGvxruLBB;duhh jadi ga nyaman ya kak zulkifli mengenai kendala melakukan panggilan yuk infoin nomor hp kakak;['duhh', 'jadi', 'ga', 'nyaman', 'ya', 'kak', 'zulkifli', 'mengenai', 'kendala', 'melakukan', 'panggilan', 'yuk', 'infoin', 'nomor', 'hp', 'kakak'];['duhh', 'jadi', 'ga', 'nyaman', 'ya', 'kak', 'zulkifli', 'mengenai', 'kendala', 'melakukan', 'panggilan', 'yuk', 'infoin', 'nomor', 'hp', 'kakak'];duhh jadi ga nyaman ya kak zulkifli mengenai kendala melakukan panggilan yuk infoin nomor hp kakak
13;13;@juliandany Dibuat bingung ya, Kak Julian. Terkait kendala nomor kartuHalo terblokir karena pembayaran telat. Yuk iâ€¦ https://t.co/i5tyw42pNH;dibuat bingung ya kak julian terkait kendala nomor kartuhalo terblokir karena pembayaran telat yuk;['dibuat', 'bingung', 'ya', 'kak', 'julian', 'terkait', 'kendala', 'nomor', 'kartuhalo', 'terblokir', 'karena', 'pembayaran', 'telat', 'yuk'];['dibuat', 'bingung', 'ya', 'kak', 'julian', 'terkait', 'kendala', 'nomor', 'kartuhalo', 'terblokir', 'karena', 'pembayaran', 'telat', 'yuk'];dibuat bingung ya kak julian terkait kendala nomor kartuhalo terblokir karena pembayaran telat yuk
14;14;@jejeeewwww Duh gak nyaman ya, Kak Jeje. Terkait kendala aktivasi paket melalui aplikasi MyTelkomsel. Yuk infoin noâ€¦ https://t.co/MMdPdNTvAl;duh gak nyaman ya kak jeje terkait kendala aktivasi paket melalui aplikasi mytelkomsel yuk infoin no;['duh', 'gak', 'nyaman', 'ya', 'kak', 'jeje', 'terkait', 'kendala', 'aktivasi', 'paket', 'melalui', 'aplikasi', 'mytelkomsel', 'yuk', 'infoin', 'no'];['duh', 'gak', 'nyaman', 'ya', 'kak', 'jeje', 'terkait', 'kendala', 'aktivasi', 'paket', 'melalui', 'aplikasi', 'mytelkomsel', 'yuk', 'infoin', 'no'];duh gak nyaman ya kak jeje terkait kendala aktivasi paket melalui aplikasi mytelkomsel yuk infoin no
15;15;@DianPurwandi Dibuat gak nyaman ya, kak Dian. Kalo Kakak udah konfirmasi melalui DM, pasti dibantu proses ya, Kak.â€¦ https://t.co/QPzaWVXe29;dibuat gak nyaman ya kak dian kalo kakak udah konfirmasi melalui dm pasti dibantu proses ya kak;['dibuat', 'gak', 'nyaman', 'ya', 'kak', 'dian', 'kalo', 'kakak', 'udah', 'konfirmasi', 'melalui', 'dm', 'pasti', 'dibantu', 'proses', 'ya', 'kak'];['dibuat', 'gak', 'nyaman', 'ya', 'kak', 'dian', 'kalo', 'kakak', 'udah', 'konfirmasi', 'melalui', 'dm', 'pasti', 'dibantu', 'proses', 'ya', 'kak'];dibuat gak nyaman ya kak dian kalo kakak udah konfirmasi melalui dm pasti dibantu proses ya kak
16;16;@aiIurophiiIes Okeyy, Kak Chel. Tunggu interaksi selanjutnya di DM ya. Makasih :) -Micha;okeyy kak chel tunggu interaksi selanjutnya di dm ya makasih micha;['okeyy', 'kak', 'chel', 'tunggu', 'interaksi', 'selanjutnya', 'di', 'dm', 'ya', 'makasih', 'micha'];['okeyy', 'kak', 'chel', 'tunggu', 'interaksi', 'selanjutnya', 'di', 'dm', 'ya', 'makasih', 'micha'];okeyy kak chel tunggu interaksi selanjutnya di dm ya makasih micha
17;17;@rizkyan27210789 Duh, Maaf nih Kak Rizkyan, udah keganggu. Mengenai kendala akses internet lambat. Yuk infoin nomorâ€¦ https://t.co/rsfj2YGEtm;duh maaf nih kak rizkyan udah keganggu mengenai kendala akses internet lambat yuk infoin nomor;['duh', 'maaf', 'nih', 'kak', 'rizkyan', 'udah', 'keganggu', 'mengenai', 'kendala', 'akses', 'internet', 'lambat', 'yuk', 'infoin', 'nomor'];['duh', 'maaf', 'nih', 'kak', 'rizkyan', 'udah', 'keganggu', 'mengenai', 'kendala', 'akses', 'internet', 'lambat', 'yuk', 'infoin', 'nomor'];duh maaf nih kak rizkyan udah keganggu mengenai kendala akses internet lambat yuk infoin nomor
18;18;@andaluise Hai, Kak Ayun. Maaf jadi ga nyaman. Mengenai kendala Disney+ Hotstar, kalo masih sama kuy interaksinya dâ€¦ https://t.co/jOFOCKdOHe;hai kak ayun maaf jadi ga nyaman mengenai kendala disney hotstar kalo masih sama kuy interaksinya;['hai', 'kak', 'ayun', 'maaf', 'jadi', 'ga', 'nyaman', 'mengenai', 'kendala', 'disney', 'hotstar', 'kalo', 'masih', 'sama', 'kuy', 'interaksinya'];['hai', 'kak', 'ayun', 'maaf', 'jadi', 'ga', 'nyaman', 'mengenai', 'kendala', 'disney', 'hotstar', 'kalo', 'masih', 'sama', 'kuy', 'interaksinya'];hai kak ayun maaf jadi ga nyaman mengenai kendala disney hotstar kalo masih sama kuy interaksinya
19;19;@tnyamelia Okeyy, Kak Amelia. Tunggu interaksi selanjutnya di DM ya. Makasih :) -Micha;okeyy kak amelia tunggu interaksi selanjutnya di dm ya makasih micha;['okeyy', 'kak', 'amelia', 'tunggu', 'interaksi', 'selanjutnya', 'di', 'dm', 'ya', 'makasih', 'micha'];['okeyy', 'kak', 'amelia', 'tunggu', 'interaksi', 'selanjutnya', 'di', 'dm', 'ya', 'makasih', 'micha'];okeyy kak amelia tunggu interaksi selanjutnya di dm ya makasih micha
20;20;@kemarinnsore Oke, Kak Ra. Arel senang jika informasinya membantu, tetap setia menggunakan Telkomsel ya. Sehat selaluðŸ˜‰ -Arel;oke kak ra arel senang jika informasinya membantu tetap setia menggunakan telkomsel ya sehat selalu arel;['oke', 'kak', 'ra', 'arel', 'senang', 'jika', 'informasinya', 'membantu', 'tetap', 'setia', 'menggunakan', 'telkomsel', 'ya', 'sehat', 'selalu', 'arel'];['oke', 'kak', 'ra', 'arel', 'senang', 'jika', 'informasinya', 'membantu', 'tetap', 'setia', 'menggunakan', 'telkomsel', 'ya', 'sehat', 'selalu', 'arel'];oke kak ra arel senang jika informasinya membantu tetap setia menggunakan telkomsel ya sehat selalu arel
21;21;@vachirait Hai, Kak Celi. Arel infoin, saat ini ada penyesuaian masa aktif. Masa aktif akan bertambah terhitung darâ€¦ https://t.co/GaSohlXhwa;hai kak celi arel infoin saat ini ada penyesuaian masa aktif masa aktif akan bertambah terhitung dar;['hai', 'kak', 'celi', 'arel', 'infoin', 'saat', 'ini', 'ada', 'penyesuaian', 'masa', 'aktif', 'masa', 'aktif', 'akan', 'bertambah', 'terhitung', 'dar'];['hai', 'kak', 'celi', 'arel', 'infoin', 'saat', 'ini', 'ada', 'penyesuaian', 'masa', 'aktif', 'masa', 'aktif', 'akan', 'bertambah', 'terhitung', 'dar'];hai kak celi arel infoin saat ini ada penyesuaian masa aktif masa aktif akan bertambah terhitung dar
22;22;@r4ndomthing Baik, Kak. Mohon berkenan menunggu interaksi selanjutnya via DM ya. MakasihðŸ˜Š -Arel;baik kak mohon berkenan menunggu interaksi selanjutnya via dm ya makasih arel;['baik', 'kak', 'mohon', 'berkenan', 'menunggu', 'interaksi', 'selanjutnya', 'via', 'dm', 'ya', 'makasih', 'arel'];['baik', 'kak', 'mohon', 'berkenan', 'menunggu', 'interaksi', 'selanjutnya', 'via', 'dm', 'ya', 'makasih', 'arel'];baik kak mohon berkenan menunggu interaksi selanjutnya via dm ya makasih arel
23;23;@DeraOyy Baik, Kak Dera. Mohon berkenan menunggu interaksi selanjutnya di DM ya Kak. Terima kasihðŸ˜Š-Dofi;baik kak dera mohon berkenan menunggu interaksi selanjutnya di dm ya kak terima kasih dofi;['baik', 'kak', 'dera', 'mohon', 'berkenan', 'menunggu', 'interaksi', 'selanjutnya', 'di', 'dm', 'ya', 'kak', 'terima', 'kasih', 'dofi'];['baik', 'kak', 'dera', 'mohon', 'berkenan', 'menunggu', 'interaksi', 'selanjutnya', 'di', 'dm', 'ya', 'kak', 'terima', 'kasih', 'dofi'];baik kak dera mohon berkenan menunggu interaksi selanjutnya di dm ya kak terima kasih dofi
24;24;@DeraOyy Hai, Kak Dera. Maaf jadi ga nyaman. Mengenai kendala resgitrasi kartu Prepaid, kuy infoin Nomor HP via DMâ€¦ https://t.co/yh0qtwOtl6;hai kak dera maaf jadi ga nyaman mengenai kendala resgitrasi kartu prepaid kuy infoin nomor hp via dm;['hai', 'kak', 'dera', 'maaf', 'jadi', 'ga', 'nyaman', 'mengenai', 'kendala', 'resgitrasi', 'kartu', 'prepaid', 'kuy', 'infoin', 'nomor', 'hp', 'via', 'dm'];['hai', 'kak', 'dera', 'maaf', 'jadi', 'ga', 'nyaman', 'mengenai', 'kendala', 'resgitrasi', 'kartu', 'prepaid', 'kuy', 'infoin', 'nomor', 'hp', 'via', 'dm'];hai kak dera maaf jadi ga nyaman mengenai kendala resgitrasi kartu prepaid kuy infoin nomor hp via dm
25;25;@DeraOyy Dibuat bingung ya, Kak Dera. Terkait kendala registrasi kartu. Pastiin format sudah sesuai dengan cara SMSâ€¦ https://t.co/I1Tkr889w2;dibuat bingung ya kak dera terkait kendala registrasi kartu pastiin format sudah sesuai dengan cara sms;['dibuat', 'bingung', 'ya', 'kak', 'dera', 'terkait', 'kendala', 'registrasi', 'kartu', 'pastiin', 'format', 'sudah', 'sesuai', 'dengan', 'cara', 'sms'];['dibuat', 'bingung', 'ya', 'kak', 'dera', 'terkait', 'kendala', 'registrasi', 'kartu', 'pastiin', 'format', 'sudah', 'sesuai', 'dengan', 'cara', 'sms'];dibuat bingung ya kak dera terkait kendala registrasi kartu pastiin format sudah sesuai dengan cara sms
26;26;@r4ndomthing Hai, kak. Maaf ya, Kak. Untuk kendalanya, silakan konfirmasi kembali ke DM, supaya dibantu lebih lanjuâ€¦ https://t.co/yxkTzPByGA;hai kak maaf ya kak untuk kendalanya silakan konfirmasi kembali ke dm supaya dibantu lebih lanju;['hai', 'kak', 'maaf', 'ya', 'kak', 'untuk', 'kendalanya', 'silakan', 'konfirmasi', 'kembali', 'ke', 'dm', 'supaya', 'dibantu', 'lebih', 'lanju'];['hai', 'kak', 'maaf', 'ya', 'kak', 'untuk', 'kendalanya', 'silakan', 'konfirmasi', 'kembali', 'ke', 'dm', 'supaya', 'dibantu', 'lebih', 'lanju'];hai kak maaf ya kak untuk kendalanya silakan konfirmasi kembali ke dm supaya dibantu lebih lanju
27;27;@alananiga Selamat pagi juga Kak. Baik, Rara segera cek DM Kakak ya. Mohon ditunggu :) -Rara;selamat pagi juga kak baik rara segera cek dm kakak ya mohon ditunggu rara;['selamat', 'pagi', 'juga', 'kak', 'baik', 'rara', 'segera', 'cek', 'dm', 'kakak', 'ya', 'mohon', 'ditunggu', 'rara'];['selamat', 'pagi', 'juga', 'kak', 'baik', 'rara', 'segera', 'cek', 'dm', 'kakak', 'ya', 'mohon', 'ditunggu', 'rara'];selamat pagi juga kak baik rara segera cek dm kakak ya mohon ditunggu rara
28;28;@tobatomat Dibuat bingung ya, Kak. Terkait reaktivasi kartu. Nomor yang udah melewatkan masa tenggang bisa di-reaktâ€¦ https://t.co/ZtvNdcOV6W;dibuat bingung ya kak terkait reaktivasi kartu nomor yang udah melewatkan masa tenggang bisa di reakt;['dibuat', 'bingung', 'ya', 'kak', 'terkait', 'reaktivasi', 'kartu', 'nomor', 'yang', 'udah', 'melewatkan', 'masa', 'tenggang', 'bisa', 'di', 'reakt'];['dibuat', 'bingung', 'ya', 'kak', 'terkait', 'reaktivasi', 'kartu', 'nomor', 'yang', 'udah', 'melewatkan', 'masa', 'tenggang', 'bisa', 'di', 'reakt'];dibuat bingung ya kak terkait reaktivasi kartu nomor yang udah melewatkan masa tenggang bisa di reakt
29;29;@nocrypt_ Maaf ya udah bikin gak nyaman :( Yuk infoin ke DM nomor HP sama detail kendala menerima SMS promo spam, bâ€¦ https://t.co/rIJjmUzu6p;_ maaf ya udah bikin gak nyaman yuk infoin ke dm nomor hp sama detail kendala menerima sms promo spam;['_', 'maaf', 'ya', 'udah', 'bikin', 'gak', 'nyaman', 'yuk', 'infoin', 'ke', 'dm', 'nomor', 'hp', 'sama', 'detail', 'kendala', 'menerima', 'sms', 'promo', 'spam'];['_', 'maaf', 'ya', 'udah', 'bikin', 'gak', 'nyaman', 'yuk', 'infoin', 'ke', 'dm', 'nomor', 'hp', 'sama', 'detail', 'kendala', 'menerima', 'sms', 'promo', 'spam'];_ maaf ya udah bikin gak nyaman yuk infoin ke dm nomor hp sama detail kendala menerima sms promo spam
30;30;@arinda_sa Hai, Kak Arinda. Maaf ya untuk kendala berlangganan Disney+ Hotstar. Yuk Kak infoin nomor hp Kakak ke DMâ€¦ https://t.co/zNdg560X0h;_sa hai kak arinda maaf ya untuk kendala berlangganan disney hotstar yuk kak infoin nomor hp kakak ke dm;['_sa', 'hai', 'kak', 'arinda', 'maaf', 'ya', 'untuk', 'kendala', 'berlangganan', 'disney', 'hotstar', 'yuk', 'kak', 'infoin', 'nomor', 'hp', 'kakak', 'ke', 'dm'];['_sa', 'hai', 'kak', 'arinda', 'maaf', 'ya', 'untuk', 'kendala', 'berlangganan', 'disney', 'hotstar', 'yuk', 'kak', 'infoin', 'nomor', 'hp', 'kakak', 'ke', 'dm'];_sa hai kak arinda maaf ya untuk kendala berlangganan disney hotstar yuk kak infoin nomor hp kakak ke dm
31;31;@kemarinnsore Morning juga Kak Ra. Micha infoin untuk Monetary Pulsa gak bisa digunain buat aktivasi paket ya, hanyâ€¦ https://t.co/gfG0QZIUrP;morning juga kak ra micha infoin untuk monetary pulsa gak bisa digunain buat aktivasi paket ya hany;['morning', 'juga', 'kak', 'ra', 'micha', 'infoin', 'untuk', 'monetary', 'pulsa', 'gak', 'bisa', 'digunain', 'buat', 'aktivasi', 'paket', 'ya', 'hany'];['morning', 'juga', 'kak', 'ra', 'micha', 'infoin', 'untuk', 'monetary', 'pulsa', 'gak', 'bisa', 'digunain', 'buat', 'aktivasi', 'paket', 'ya', 'hany'];morning juga kak ra micha infoin untuk monetary pulsa gak bisa digunain buat aktivasi paket ya hany
32;32;@WongIndonesiaOK Duh dibuat gak nyaman ya, kak. Mengenai kendala tarif layanan Telkomsel, saat ini ada penyesuaianâ€¦ https://t.co/YME4idwEkW;duh dibuat gak nyaman ya kak mengenai kendala tarif layanan telkomsel saat ini ada penyesuaian;['duh', 'dibuat', 'gak', 'nyaman', 'ya', 'kak', 'mengenai', 'kendala', 'tarif', 'layanan', 'telkomsel', 'saat', 'ini', 'ada', 'penyesuaian'];['duh', 'dibuat', 'gak', 'nyaman', 'ya', 'kak', 'mengenai', 'kendala', 'tarif', 'layanan', 'telkomsel', 'saat', 'ini', 'ada', 'penyesuaian'];duh dibuat gak nyaman ya kak mengenai kendala tarif layanan telkomsel saat ini ada penyesuaian
33;33;@arinda_sa Dibuat bingung ya, Kak Arinda. Micha infoin sejak tanggal 30 Mei 22 ada beberapa paket yang udah gak berâ€¦ https://t.co/u7aoPqL53R;_sa dibuat bingung ya kak arinda micha infoin sejak tanggal   mei   ada beberapa paket yang udah gak ber;['_sa', 'dibuat', 'bingung', 'ya', 'kak', 'arinda', 'micha', 'infoin', 'sejak', 'tanggal', 'mei', 'ada', 'beberapa', 'paket', 'yang', 'udah', 'gak', 'ber'];['_sa', 'dibuat', 'bingung', 'ya', 'kak', 'arinda', 'micha', 'infoin', 'sejak', 'tanggal', 'mei', 'ada', 'beberapa', 'paket', 'yang', 'udah', 'gak', 'ber'];_sa dibuat bingung ya kak arinda micha infoin sejak tanggal mei ada beberapa paket yang udah gak ber
34;34;@DidinAisah Hai, Kak Didin. Jangan lupa check-in setiap harinya ya Kak, agar ga ketinggalan rewardnya. Info lengkapâ€¦ https://t.co/k964LOhgl4;hai kak didin jangan lupa check in setiap harinya ya kak agar ga ketinggalan rewardnya info lengkap;['hai', 'kak', 'didin', 'jangan', 'lupa', 'check', 'in', 'setiap', 'harinya', 'ya', 'kak', 'agar', 'ga', 'ketinggalan', 'rewardnya', 'info', 'lengkap'];['hai', 'kak', 'didin', 'jangan', 'lupa', 'check', 'in', 'setiap', 'harinya', 'ya', 'kak', 'agar', 'ga', 'ketinggalan', 'rewardnya', 'info', 'lengkap'];hai kak didin jangan lupa check in setiap harinya ya kak agar ga ketinggalan rewardnya info lengkap
35;35;@peachewrry Hai, Kak. Maaf atas ketidaknyaman yang dialami. Kuy interaksinya dilanjut via DM agar Arel bantu lebih lanjut. TksðŸ˜‰ -Arel;hai kak maaf atas ketidaknyaman yang dialami kuy interaksinya dilanjut via dm agar arel bantu lebih lanjut tks arel;['hai', 'kak', 'maaf', 'atas', 'ketidaknyaman', 'yang', 'dialami', 'kuy', 'interaksinya', 'dilanjut', 'via', 'dm', 'agar', 'arel', 'bantu', 'lebih', 'lanjut', 'tks', 'arel'];['hai', 'kak', 'maaf', 'atas', 'ketidaknyaman', 'yang', 'dialami', 'kuy', 'interaksinya', 'dilanjut', 'via', 'dm', 'agar', 'arel', 'bantu', 'lebih', 'lanjut', 'tks', 'arel'];hai kak maaf atas ketidaknyaman yang dialami kuy interaksinya dilanjut via dm agar arel bantu lebih lanjut tks arel
36;36;@mszoa Baik, Kak Joy. Jika Kakak udah menyapa Kami di DM, mohon berkenan menunggu interaksi selanjutnya di DM ya Kak. Terima kasihðŸ˜Š-Dofi;baik kak joy jika kakak udah menyapa kami di dm mohon berkenan menunggu interaksi selanjutnya di dm ya kak terima kasih dofi;['baik', 'kak', 'joy', 'jika', 'kakak', 'udah', 'menyapa', 'kami', 'di', 'dm', 'mohon', 'berkenan', 'menunggu', 'interaksi', 'selanjutnya', 'di', 'dm', 'ya', 'kak', 'terima', 'kasih', 'dofi'];['baik', 'kak', 'joy', 'jika', 'kakak', 'udah', 'menyapa', 'kami', 'di', 'dm', 'mohon', 'berkenan', 'menunggu', 'interaksi', 'selanjutnya', 'di', 'dm', 'ya', 'kak', 'terima', 'kasih', 'dofi'];baik kak joy jika kakak udah menyapa kami di dm mohon berkenan menunggu interaksi selanjutnya di dm ya kak terima kasih dofi
37;37;@CooPnet_Payment Okeyyy, Kak. Tunggu interaksi selanjutnya di DM ya. Makasih :) -Micha;_payment okeyyy kak tunggu interaksi selanjutnya di dm ya makasih micha;['_payment', 'okeyyy', 'kak', 'tunggu', 'interaksi', 'selanjutnya', 'di', 'dm', 'ya', 'makasih', 'micha'];['_payment', 'okeyyy', 'kak', 'tunggu', 'interaksi', 'selanjutnya', 'di', 'dm', 'ya', 'makasih', 'micha'];_payment okeyyy kak tunggu interaksi selanjutnya di dm ya makasih micha
38;38;@mszoa Baik, Kak Joy. Mohon berkenan menunggu interaksi selanjutnya di DM ya Kak. Terima kasihðŸ˜Š-Dofi;baik kak joy mohon berkenan menunggu interaksi selanjutnya di dm ya kak terima kasih dofi;['baik', 'kak', 'joy', 'mohon', 'berkenan', 'menunggu', 'interaksi', 'selanjutnya', 'di', 'dm', 'ya', 'kak', 'terima', 'kasih', 'dofi'];['baik', 'kak', 'joy', 'mohon', 'berkenan', 'menunggu', 'interaksi', 'selanjutnya', 'di', 'dm', 'ya', 'kak', 'terima', 'kasih', 'dofi'];baik kak joy mohon berkenan menunggu interaksi selanjutnya di dm ya kak terima kasih dofi
39;39;@minoohnim Hai, Kak Mino. Arel infoin untuk Prime Video Mobile, dapat diakses melalui perangkat smartphone dan maksâ€¦ https://t.co/5sJWY7zwTm;hai kak mino arel infoin untuk prime video mobile dapat diakses melalui perangkat smartphone dan maks;['hai', 'kak', 'mino', 'arel', 'infoin', 'untuk', 'prime', 'video', 'mobile', 'dapat', 'diakses', 'melalui', 'perangkat', 'smartphone', 'dan', 'maks'];['hai', 'kak', 'mino', 'arel', 'infoin', 'untuk', 'prime', 'video', 'mobile', 'dapat', 'diakses', 'melalui', 'perangkat', 'smartphone', 'dan', 'maks'];hai kak mino arel infoin untuk prime video mobile dapat diakses melalui perangkat smartphone dan maks
40;40;@boo_vya Hai, Kak. Maaf ya untuk kendala MyTelkomsel. Yuk sapa Kami di DM agar privasi terjaga. Kami infoin juga unâ€¦ https://t.co/9j4TV3YkBJ;_vya hai kak maaf ya untuk kendala mytelkomsel yuk sapa kami di dm agar privasi terjaga kami infoin juga un;['_vya', 'hai', 'kak', 'maaf', 'ya', 'untuk', 'kendala', 'mytelkomsel', 'yuk', 'sapa', 'kami', 'di', 'dm', 'agar', 'privasi', 'terjaga', 'kami', 'infoin', 'juga', 'un'];['_vya', 'hai', 'kak', 'maaf', 'ya', 'untuk', 'kendala', 'mytelkomsel', 'yuk', 'sapa', 'kami', 'di', 'dm', 'agar', 'privasi', 'terjaga', 'kami', 'infoin', 'juga', 'un'];_vya hai kak maaf ya untuk kendala mytelkomsel yuk sapa kami di dm agar privasi terjaga kami infoin juga un
41;41;@Williamild Duh, Maaf nih Kak Will, udah keganggu. Mengenai kendala sinyal. Yuk infoin nomor HP, tanggal waktu kejaâ€¦ https://t.co/Z4MRvaeRql;duh maaf nih kak will udah keganggu mengenai kendala sinyal yuk infoin nomor hp tanggal waktu keja;['duh', 'maaf', 'nih', 'kak', 'will', 'udah', 'keganggu', 'mengenai', 'kendala', 'sinyal', 'yuk', 'infoin', 'nomor', 'hp', 'tanggal', 'waktu', 'keja'];['duh', 'maaf', 'nih', 'kak', 'will', 'udah', 'keganggu', 'mengenai', 'kendala', 'sinyal', 'yuk', 'infoin', 'nomor', 'hp', 'tanggal', 'waktu', 'keja'];duh maaf nih kak will udah keganggu mengenai kendala sinyal yuk infoin nomor hp tanggal waktu keja
42;42;@Saraahdvy Halo, Kak Sarah. Maaf ya. Mengenai kendala aplikasi MyTelkomsel, udah clear cache dan menggunakan apps vâ€¦ https://t.co/EvN5LPrdfG;halo kak sarah maaf ya mengenai kendala aplikasi mytelkomsel udah clear cache dan menggunakan apps;['halo', 'kak', 'sarah', 'maaf', 'ya', 'mengenai', 'kendala', 'aplikasi', 'mytelkomsel', 'udah', 'clear', 'cache', 'dan', 'menggunakan', 'apps'];['halo', 'kak', 'sarah', 'maaf', 'ya', 'mengenai', 'kendala', 'aplikasi', 'mytelkomsel', 'udah', 'clear', 'cache', 'dan', 'menggunakan', 'apps'];halo kak sarah maaf ya mengenai kendala aplikasi mytelkomsel udah clear cache dan menggunakan apps
43;43;@lutfiahsiti_ Hai, Kak. Maafin untuk keluhan tarif paketnya. Telkomsel memberi penawaran secara personal sesuai proâ€¦ https://t.co/oGuQse7grx;_ hai kak maafin untuk keluhan tarif paketnya telkomsel memberi penawaran secara personal sesuai pro;['_', 'hai', 'kak', 'maafin', 'untuk', 'keluhan', 'tarif', 'paketnya', 'telkomsel', 'memberi', 'penawaran', 'secara', 'personal', 'sesuai', 'pro'];['_', 'hai', 'kak', 'maafin', 'untuk', 'keluhan', 'tarif', 'paketnya', 'telkomsel', 'memberi', 'penawaran', 'secara', 'personal', 'sesuai', 'pro'];_ hai kak maafin untuk keluhan tarif paketnya telkomsel memberi penawaran secara personal sesuai pro
44;44;@lutfiahsiti_ Hai, Kak Lutfiah. Maaf ya untuk keluhan tarif paketnya. Masih banyak kok paket murah lainnya dari Telâ€¦ https://t.co/yggm0I2O6A;_ hai kak lutfiah maaf ya untuk keluhan tarif paketnya masih banyak kok paket murah lainnya dari tel;['_', 'hai', 'kak', 'lutfiah', 'maaf', 'ya', 'untuk', 'keluhan', 'tarif', 'paketnya', 'masih', 'banyak', 'kok', 'paket', 'murah', 'lainnya', 'dari', 'tel'];['_', 'hai', 'kak', 'lutfiah', 'maaf', 'ya', 'untuk', 'keluhan', 'tarif', 'paketnya', 'masih', 'banyak', 'kok', 'paket', 'murah', 'lainnya', 'dari', 'tel'];_ hai kak lutfiah maaf ya untuk keluhan tarif paketnya masih banyak kok paket murah lainnya dari tel
45;45;@lutfiahsiti_ Duhh jadi ga nyaman ya, Kak LutfiahðŸ˜¥ Mengenai keluhan tarif, Arel infoin bahwa harga dan beenfit sesuâ€¦ https://t.co/A2ge9riQgh;_ duhh jadi ga nyaman ya kak lutfiah mengenai keluhan tarif arel infoin bahwa harga dan beenfit sesu;['_', 'duhh', 'jadi', 'ga', 'nyaman', 'ya', 'kak', 'lutfiah', 'mengenai', 'keluhan', 'tarif', 'arel', 'infoin', 'bahwa', 'harga', 'dan', 'beenfit', 'sesu'];['_', 'duhh', 'jadi', 'ga', 'nyaman', 'ya', 'kak', 'lutfiah', 'mengenai', 'keluhan', 'tarif', 'arel', 'infoin', 'bahwa', 'harga', 'dan', 'beenfit', 'sesu'];_ duhh jadi ga nyaman ya kak lutfiah mengenai keluhan tarif arel infoin bahwa harga dan beenfit sesu
46;46;@Marsha09871 Baik, Kak Marsha. Mohon berkenan menunggu interaksi selanjutnya di DM ya Kak. Terima kasihðŸ˜Š-Dofi;baik kak marsha mohon berkenan menunggu interaksi selanjutnya di dm ya kak terima kasih dofi;['baik', 'kak', 'marsha', 'mohon', 'berkenan', 'menunggu', 'interaksi', 'selanjutnya', 'di', 'dm', 'ya', 'kak', 'terima', 'kasih', 'dofi'];['baik', 'kak', 'marsha', 'mohon', 'berkenan', 'menunggu', 'interaksi', 'selanjutnya', 'di', 'dm', 'ya', 'kak', 'terima', 'kasih', 'dofi'];baik kak marsha mohon berkenan menunggu interaksi selanjutnya di dm ya kak terima kasih dofi
47;47;@krissapto Hai, Kak Kris. Maaf ya untuk Paket Darurat tiba-tiba aktif. Yuk infoin nomor hp Kakak ke DM agar Kami baâ€¦ https://t.co/0TT85aPW3X;hai kak kris maaf ya untuk paket darurat tiba tiba aktif yuk infoin nomor hp kakak ke dm agar kami ba;['hai', 'kak', 'kris', 'maaf', 'ya', 'untuk', 'paket', 'darurat', 'tiba', 'tiba', 'aktif', 'yuk', 'infoin', 'nomor', 'hp', 'kakak', 'ke', 'dm', 'agar', 'kami', 'ba'];['hai', 'kak', 'kris', 'maaf', 'ya', 'untuk', 'paket', 'darurat', 'tiba', 'tiba', 'aktif', 'yuk', 'infoin', 'nomor', 'hp', 'kakak', 'ke', 'dm', 'agar', 'kami', 'ba'];hai kak kris maaf ya untuk paket darurat tiba tiba aktif yuk infoin nomor hp kakak ke dm agar kami ba
48;48;@lutfiahsiti_ Hai, Kak Lutfiah. Maaf ya untuk keluhan tarif dan kuota dibagi. Coba deh infoin nomor hp Kakak ke DMâ€¦ https://t.co/o2jSfxxUL4;_ hai kak lutfiah maaf ya untuk keluhan tarif dan kuota dibagi coba deh infoin nomor hp kakak ke dm;['_', 'hai', 'kak', 'lutfiah', 'maaf', 'ya', 'untuk', 'keluhan', 'tarif', 'dan', 'kuota', 'dibagi', 'coba', 'deh', 'infoin', 'nomor', 'hp', 'kakak', 'ke', 'dm'];['_', 'hai', 'kak', 'lutfiah', 'maaf', 'ya', 'untuk', 'keluhan', 'tarif', 'dan', 'kuota', 'dibagi', 'coba', 'deh', 'infoin', 'nomor', 'hp', 'kakak', 'ke', 'dm'];_ hai kak lutfiah maaf ya untuk keluhan tarif dan kuota dibagi coba deh infoin nomor hp kakak ke dm
49;49;@bilawalpandhu Hai, Kak Pandhu. Maaf ya. Kami infoin, sejak 30 Mei 20 22 beberapa paket sudah tidak include berlangâ€¦ https://t.co/2Mdnov9kwn;hai kak pandhu maaf ya kami infoin sejak   mei     beberapa paket sudah tidak include berlang;['hai', 'kak', 'pandhu', 'maaf', 'ya', 'kami', 'infoin', 'sejak', 'mei', 'beberapa', 'paket', 'sudah', 'tidak', 'include', 'berlang'];['hai', 'kak', 'pandhu', 'maaf', 'ya', 'kami', 'infoin', 'sejak', 'mei', 'beberapa', 'paket', 'sudah', 'tidak', 'include', 'berlang'];hai kak pandhu maaf ya kami infoin sejak mei beberapa paket sudah tidak include berlang
50;50;@sandiblogging Baik, Kak Sandi. Mohon berkenan menunggu interaksi selanjutnya di DM ya Kak. Terima kasihðŸ˜Š-Dofi;baik kak sandi mohon berkenan menunggu interaksi selanjutnya di dm ya kak terima kasih dofi;['baik', 'kak', 'sandi', 'mohon', 'berkenan', 'menunggu', 'interaksi', 'selanjutnya', 'di', 'dm', 'ya', 'kak', 'terima', 'kasih', 'dofi'];['baik', 'kak', 'sandi', 'mohon', 'berkenan', 'menunggu', 'interaksi', 'selanjutnya', 'di', 'dm', 'ya', 'kak', 'terima', 'kasih', 'dofi'];baik kak sandi mohon berkenan menunggu interaksi selanjutnya di dm ya kak terima kasih dofi
51;51;@lestyasaridevi Baik, Kak Lestyasari. Mohon berkenan menunggu interaksi selanjutnya di DM ya Kak. Terima kasihðŸ˜Š-Dofi;baik kak lestyasari mohon berkenan menunggu interaksi selanjutnya di dm ya kak terima kasih dofi;['baik', 'kak', 'lestyasari', 'mohon', 'berkenan', 'menunggu', 'interaksi', 'selanjutnya', 'di', 'dm', 'ya', 'kak', 'terima', 'kasih', 'dofi'];['baik', 'kak', 'lestyasari', 'mohon', 'berkenan', 'menunggu', 'interaksi', 'selanjutnya', 'di', 'dm', 'ya', 'kak', 'terima', 'kasih', 'dofi'];baik kak lestyasari mohon berkenan menunggu interaksi selanjutnya di dm ya kak terima kasih dofi
52;52;@joshuahendii Baik, Kak Joshua. Mohon berkenan menunggu interaksi selanjutnya di DM ya Kak. Terima kasihðŸ˜Š-Dofi;baik kak joshua mohon berkenan menunggu interaksi selanjutnya di dm ya kak terima kasih dofi;['baik', 'kak', 'joshua', 'mohon', 'berkenan', 'menunggu', 'interaksi', 'selanjutnya', 'di', 'dm', 'ya', 'kak', 'terima', 'kasih', 'dofi'];['baik', 'kak', 'joshua', 'mohon', 'berkenan', 'menunggu', 'interaksi', 'selanjutnya', 'di', 'dm', 'ya', 'kak', 'terima', 'kasih', 'dofi'];baik kak joshua mohon berkenan menunggu interaksi selanjutnya di dm ya kak terima kasih dofi
53;53;@joshuahendii Hai, Kak Joshua. Maaf ya belum bisa nikmatin paket Disney+ Hotstar. Jangan khawatir, pasti akan dibanâ€¦ https://t.co/7PIjHNoVou;hai kak joshua maaf ya belum bisa nikmatin paket disney hotstar jangan khawatir pasti akan diban;['hai', 'kak', 'joshua', 'maaf', 'ya', 'belum', 'bisa', 'nikmatin', 'paket', 'disney', 'hotstar', 'jangan', 'khawatir', 'pasti', 'akan', 'diban'];['hai', 'kak', 'joshua', 'maaf', 'ya', 'belum', 'bisa', 'nikmatin', 'paket', 'disney', 'hotstar', 'jangan', 'khawatir', 'pasti', 'akan', 'diban'];hai kak joshua maaf ya belum bisa nikmatin paket disney hotstar jangan khawatir pasti akan diban
54;54;@AiEmalia Duhh udah nungguin ya, Kak AiðŸ˜¢ Arel cek DM Kakak sudah masuk dalam antrian. Mohon untuk menunggu interaksâ€¦ https://t.co/joCiebNbuP;duhh udah nungguin ya kak ai arel cek dm kakak sudah masuk dalam antrian mohon untuk menunggu interaks;['duhh', 'udah', 'nungguin', 'ya', 'kak', 'ai', 'arel', 'cek', 'dm', 'kakak', 'sudah', 'masuk', 'dalam', 'antrian', 'mohon', 'untuk', 'menunggu', 'interaks'];['duhh', 'udah', 'nungguin', 'ya', 'kak', 'ai', 'arel', 'cek', 'dm', 'kakak', 'sudah', 'masuk', 'dalam', 'antrian', 'mohon', 'untuk', 'menunggu', 'interaks'];duhh udah nungguin ya kak ai arel cek dm kakak sudah masuk dalam antrian mohon untuk menunggu interaks
55;55;@joshuahendii Hai, Kak Joshua. Arel ikut sedih atas kendala yang dialami. Mengenai kendala paket Disney+ Hotstar, kâ€¦ https://t.co/rysjN8HUZ7;hai kak joshua arel ikut sedih atas kendala yang dialami mengenai kendala paket disney hotstar;['hai', 'kak', 'joshua', 'arel', 'ikut', 'sedih', 'atas', 'kendala', 'yang', 'dialami', 'mengenai', 'kendala', 'paket', 'disney', 'hotstar'];['hai', 'kak', 'joshua', 'arel', 'ikut', 'sedih', 'atas', 'kendala', 'yang', 'dialami', 'mengenai', 'kendala', 'paket', 'disney', 'hotstar'];hai kak joshua arel ikut sedih atas kendala yang dialami mengenai kendala paket disney hotstar
56;56;@lestyasaridevi Untuk pengecekan lebih lanjut, yuk infoin nomor hp, tanggal dan nominal pengisian ke DM agar privasâ€¦ https://t.co/ho4Um9d6L5;untuk pengecekan lebih lanjut yuk infoin nomor hp tanggal dan nominal pengisian ke dm agar privas;['untuk', 'pengecekan', 'lebih', 'lanjut', 'yuk', 'infoin', 'nomor', 'hp', 'tanggal', 'dan', 'nominal', 'pengisian', 'ke', 'dm', 'agar', 'privas'];['untuk', 'pengecekan', 'lebih', 'lanjut', 'yuk', 'infoin', 'nomor', 'hp', 'tanggal', 'dan', 'nominal', 'pengisian', 'ke', 'dm', 'agar', 'privas'];untuk pengecekan lebih lanjut yuk infoin nomor hp tanggal dan nominal pengisian ke dm agar privas
57;57;@lestyasaridevi Hai, Kak Lestyasari. Maaf ya untuk keluhan masa aktif ga bertambah. Kami infoin, saat ini Telkomselâ€¦ https://t.co/GXjWkeoEz5;hai kak lestyasari maaf ya untuk keluhan masa aktif ga bertambah kami infoin saat ini telkomsel;['hai', 'kak', 'lestyasari', 'maaf', 'ya', 'untuk', 'keluhan', 'masa', 'aktif', 'ga', 'bertambah', 'kami', 'infoin', 'saat', 'ini', 'telkomsel'];['hai', 'kak', 'lestyasari', 'maaf', 'ya', 'untuk', 'keluhan', 'masa', 'aktif', 'ga', 'bertambah', 'kami', 'infoin', 'saat', 'ini', 'telkomsel'];hai kak lestyasari maaf ya untuk keluhan masa aktif ga bertambah kami infoin saat ini telkomsel
58;58;@kkya25 Hai, Kak Kiky. Buah manggis, buah pepaya. Sabar ya manis, Arel lagi cek satu-satu DMnya. Mohon ditungguðŸ˜‰ -Arel;hai kak kiky buah manggis buah pepaya sabar ya manis arel lagi cek satu satu dmnya mohon ditunggu arel;['hai', 'kak', 'kiky', 'buah', 'manggis', 'buah', 'pepaya', 'sabar', 'ya', 'manis', 'arel', 'lagi', 'cek', 'satu', 'satu', 'dmnya', 'mohon', 'ditunggu', 'arel'];['hai', 'kak', 'kiky', 'buah', 'manggis', 'buah', 'pepaya', 'sabar', 'ya', 'manis', 'arel', 'lagi', 'cek', 'satu', 'satu', 'dmnya', 'mohon', 'ditunggu', 'arel'];hai kak kiky buah manggis buah pepaya sabar ya manis arel lagi cek satu satu dmnya mohon ditunggu arel
59;59;@keyopie Hai, Kak Jae. Untuk buat kartu dengan nomor yang sama belum bisa Kami bantu ya, silakan Kakak melakukan peâ€¦ https://t.co/NaE4vmLeV8;hai kak jae untuk buat kartu dengan nomor yang sama belum bisa kami bantu ya silakan kakak melakukan pe;['hai', 'kak', 'jae', 'untuk', 'buat', 'kartu', 'dengan', 'nomor', 'yang', 'sama', 'belum', 'bisa', 'kami', 'bantu', 'ya', 'silakan', 'kakak', 'melakukan', 'pe'];['hai', 'kak', 'jae', 'untuk', 'buat', 'kartu', 'dengan', 'nomor', 'yang', 'sama', 'belum', 'bisa', 'kami', 'bantu', 'ya', 'silakan', 'kakak', 'melakukan', 'pe'];hai kak jae untuk buat kartu dengan nomor yang sama belum bisa kami bantu ya silakan kakak melakukan pe
60;60;@heavyrailn Baik, Kak. Mohon berkenan menunggu interaksi selanjutnya di DM ya Kak. Terima kasihðŸ˜Š-Dofi;baik kak mohon berkenan menunggu interaksi selanjutnya di dm ya kak terima kasih dofi;['baik', 'kak', 'mohon', 'berkenan', 'menunggu', 'interaksi', 'selanjutnya', 'di', 'dm', 'ya', 'kak', 'terima', 'kasih', 'dofi'];['baik', 'kak', 'mohon', 'berkenan', 'menunggu', 'interaksi', 'selanjutnya', 'di', 'dm', 'ya', 'kak', 'terima', 'kasih', 'dofi'];baik kak mohon berkenan menunggu interaksi selanjutnya di dm ya kak terima kasih dofi
61;61;@heavyrailn Hai, Kak. Pasti jadi ga nyaman ya Kak :(. Untuk kendala lemah, yuk infoin nomor hp dan lokasi (Kelurahaâ€¦ https://t.co/VqXSRI0OcV;hai kak pasti jadi ga nyaman ya kak untuk kendala lemah yuk infoin nomor hp dan lokasi keluraha;['hai', 'kak', 'pasti', 'jadi', 'ga', 'nyaman', 'ya', 'kak', 'untuk', 'kendala', 'lemah', 'yuk', 'infoin', 'nomor', 'hp', 'dan', 'lokasi', 'keluraha'];['hai', 'kak', 'pasti', 'jadi', 'ga', 'nyaman', 'ya', 'kak', 'untuk', 'kendala', 'lemah', 'yuk', 'infoin', 'nomor', 'hp', 'dan', 'lokasi', 'keluraha'];hai kak pasti jadi ga nyaman ya kak untuk kendala lemah yuk infoin nomor hp dan lokasi keluraha
62;62;@Astrobo0y Baik, Kak Irfan. Pak lurah namanya adam. Gea segera meluncur ke DM. Mohon berkenan menunggu ya kak. Makasih ðŸ˜Š-Gea;baik kak irfan pak lurah namanya adam gea segera meluncur ke dm mohon berkenan menunggu ya kak makasih gea;['baik', 'kak', 'irfan', 'pak', 'lurah', 'namanya', 'adam', 'gea', 'segera', 'meluncur', 'ke', 'dm', 'mohon', 'berkenan', 'menunggu', 'ya', 'kak', 'makasih', 'gea'];['baik', 'kak', 'irfan', 'pak', 'lurah', 'namanya', 'adam', 'gea', 'segera', 'meluncur', 'ke', 'dm', 'mohon', 'berkenan', 'menunggu', 'ya', 'kak', 'makasih', 'gea'];baik kak irfan pak lurah namanya adam gea segera meluncur ke dm mohon berkenan menunggu ya kak makasih gea
63;63;@Astrobo0y Halo, Kak Irfan. Mengenai informasi paket yang include dengan Disney+Hotstar, yuk infokan nomor Hp ke DMâ€¦ https://t.co/bJ7O3wWmWZ;halo kak irfan mengenai informasi paket yang include dengan disneyhotstar yuk infokan nomor hp ke dm;['halo', 'kak', 'irfan', 'mengenai', 'informasi', 'paket', 'yang', 'include', 'dengan', 'disneyhotstar', 'yuk', 'infokan', 'nomor', 'hp', 'ke', 'dm'];['halo', 'kak', 'irfan', 'mengenai', 'informasi', 'paket', 'yang', 'include', 'dengan', 'disneyhotstar', 'yuk', 'infokan', 'nomor', 'hp', 'ke', 'dm'];halo kak irfan mengenai informasi paket yang include dengan disneyhotstar yuk infokan nomor hp ke dm
64;64;@ranyademure Hai, Kak Rania. Pasti udah ga sabar buat nikmatin paket Surprise Deal ya Kak? xixi, staytuned ya. Terima kasihðŸ˜Š-Dofi;hai kak rania pasti udah ga sabar buat nikmatin paket surprise deal ya kak staytuned ya terima kasih dofi;['hai', 'kak', 'rania', 'pasti', 'udah', 'ga', 'sabar', 'buat', 'nikmatin', 'paket', 'surprise', 'deal', 'ya', 'kak', 'staytuned', 'ya', 'terima', 'kasih', 'dofi'];['hai', 'kak', 'rania', 'pasti', 'udah', 'ga', 'sabar', 'buat', 'nikmatin', 'paket', 'surprise', 'deal', 'ya', 'kak', 'staytuned', 'ya', 'terima', 'kasih', 'dofi'];hai kak rania pasti udah ga sabar buat nikmatin paket surprise deal ya kak staytuned ya terima kasih dofi
65;65;@inokiciw__ Hai, kak Ino. Maaf ya. Mengenai kendala tidak bisa gift paket, yuk infokan No.Hp, No. penerima, Tgl kejâ€¦ https://t.co/ljNKG0NE6S;__ hai kak ino maaf ya mengenai kendala tidak bisa gift paket yuk infokan no hp no penerima tgl kej;['__', 'hai', 'kak', 'ino', 'maaf', 'ya', 'mengenai', 'kendala', 'tidak', 'bisa', 'gift', 'paket', 'yuk', 'infokan', 'no', 'hp', 'no', 'penerima', 'tgl', 'kej'];['__', 'hai', 'kak', 'ino', 'maaf', 'ya', 'mengenai', 'kendala', 'tidak', 'bisa', 'gift', 'paket', 'yuk', 'infokan', 'no', 'hp', 'no', 'penerima', 'tgl', 'kej'];__ hai kak ino maaf ya mengenai kendala tidak bisa gift paket yuk infokan no hp no penerima tgl kej
66;66;@ArumTijo Pagi, Kak Arum. maaf banget ya. Mengenai kendala akses internet lambat. Mimin bantu ya, yuk infokan No.Hpâ€¦ https://t.co/iijtXYpjTv;pagi kak arum maaf banget ya mengenai kendala akses internet lambat mimin bantu ya yuk infokan no hp;['pagi', 'kak', 'arum', 'maaf', 'banget', 'ya', 'mengenai', 'kendala', 'akses', 'internet', 'lambat', 'mimin', 'bantu', 'ya', 'yuk', 'infokan', 'no', 'hp'];['pagi', 'kak', 'arum', 'maaf', 'banget', 'ya', 'mengenai', 'kendala', 'akses', 'internet', 'lambat', 'mimin', 'bantu', 'ya', 'yuk', 'infokan', 'no', 'hp'];pagi kak arum maaf banget ya mengenai kendala akses internet lambat mimin bantu ya yuk infokan no hp
67;67;@mahmudah_29 Baik, Kak Eka. meraih pohon dengan dagu, Mohon berkenan menunggu. MakasihðŸ˜Š-Gea;_ baik kak eka meraih pohon dengan dagu mohon berkenan menunggu makasih gea;['_', 'baik', 'kak', 'eka', 'meraih', 'pohon', 'dengan', 'dagu', 'mohon', 'berkenan', 'menunggu', 'makasih', 'gea'];['_', 'baik', 'kak', 'eka', 'meraih', 'pohon', 'dengan', 'dagu', 'mohon', 'berkenan', 'menunggu', 'makasih', 'gea'];_ baik kak eka meraih pohon dengan dagu mohon berkenan menunggu makasih gea
68;68;@surishanza Baik, Kak Shanza. Gea segera meluncur ke DM ya. Mohon berkenan menunggu. Makasih ðŸ˜Š-Gea;baik kak shanza gea segera meluncur ke dm ya mohon berkenan menunggu makasih gea;['baik', 'kak', 'shanza', 'gea', 'segera', 'meluncur', 'ke', 'dm', 'ya', 'mohon', 'berkenan', 'menunggu', 'makasih', 'gea'];['baik', 'kak', 'shanza', 'gea', 'segera', 'meluncur', 'ke', 'dm', 'ya', 'mohon', 'berkenan', 'menunggu', 'makasih', 'gea'];baik kak shanza gea segera meluncur ke dm ya mohon berkenan menunggu makasih gea
69;69;@mahmudah_29 Baik, Kak. Pak lurah namanya adam. Gea segera meluncur ke DM. Makasih ðŸ˜Š-Gea;_ baik kak pak lurah namanya adam gea segera meluncur ke dm makasih gea;['_', 'baik', 'kak', 'pak', 'lurah', 'namanya', 'adam', 'gea', 'segera', 'meluncur', 'ke', 'dm', 'makasih', 'gea'];['_', 'baik', 'kak', 'pak', 'lurah', 'namanya', 'adam', 'gea', 'segera', 'meluncur', 'ke', 'dm', 'makasih', 'gea'];_ baik kak pak lurah namanya adam gea segera meluncur ke dm makasih gea
70;70;@pejuangkhilaf Maaf ya Kak. Ary sarankan untuk aktivasi paket yang tersedia ya Kak. Makasih ðŸ˜Š -Ary;maaf ya kak ary sarankan untuk aktivasi paket yang tersedia ya kak makasih ary;['maaf', 'ya', 'kak', 'ary', 'sarankan', 'untuk', 'aktivasi', 'paket', 'yang', 'tersedia', 'ya', 'kak', 'makasih', 'ary'];['maaf', 'ya', 'kak', 'ary', 'sarankan', 'untuk', 'aktivasi', 'paket', 'yang', 'tersedia', 'ya', 'kak', 'makasih', 'ary'];maaf ya kak ary sarankan untuk aktivasi paket yang tersedia ya kak makasih ary
71;71;@mahmudah_29 Pagi, Kak Eka. Mengenai informasi paket yg include dengan Disney+, yuk interaksinya dilanjut ke DM agaâ€¦ https://t.co/OXZg2WzkZD;_ pagi kak eka mengenai informasi paket yg include dengan disney yuk interaksinya dilanjut ke dm aga;['_', 'pagi', 'kak', 'eka', 'mengenai', 'informasi', 'paket', 'yg', 'include', 'dengan', 'disney', 'yuk', 'interaksinya', 'dilanjut', 'ke', 'dm', 'aga'];['_', 'pagi', 'kak', 'eka', 'mengenai', 'informasi', 'paket', 'yg', 'include', 'dengan', 'disney', 'yuk', 'interaksinya', 'dilanjut', 'ke', 'dm', 'aga'];_ pagi kak eka mengenai informasi paket yg include dengan disney yuk interaksinya dilanjut ke dm aga
72;72;@pejuangkhilaf Baik, Kak. Maaf jadi ga nyaman. Jika kendalanya belum dapat terselesaikan, yuk kita lanjutin tek tokâ€¦ https://t.co/I3kEzLkCRr;baik kak maaf jadi ga nyaman jika kendalanya belum dapat terselesaikan yuk kita lanjutin tek tok;['baik', 'kak', 'maaf', 'jadi', 'ga', 'nyaman', 'jika', 'kendalanya', 'belum', 'dapat', 'terselesaikan', 'yuk', 'kita', 'lanjutin', 'tek', 'tok'];['baik', 'kak', 'maaf', 'jadi', 'ga', 'nyaman', 'jika', 'kendalanya', 'belum', 'dapat', 'terselesaikan', 'yuk', 'kita', 'lanjutin', 'tek', 'tok'];baik kak maaf jadi ga nyaman jika kendalanya belum dapat terselesaikan yuk kita lanjutin tek tok
73;73;@TemannyaRobin  Baik, Kak Jorgi. Jika kendalanya belum dapat terselesaikan, yuk kita lanjutin tek tokannya di DM, Gâ€¦ https://t.co/c0gcimoYiy;baik kak jorgi jika kendalanya belum dapat terselesaikan yuk kita lanjutin tek tokannya di dm;['baik', 'kak', 'jorgi', 'jika', 'kendalanya', 'belum', 'dapat', 'terselesaikan', 'yuk', 'kita', 'lanjutin', 'tek', 'tokannya', 'di', 'dm'];['baik', 'kak', 'jorgi', 'jika', 'kendalanya', 'belum', 'dapat', 'terselesaikan', 'yuk', 'kita', 'lanjutin', 'tek', 'tokannya', 'di', 'dm'];baik kak jorgi jika kendalanya belum dapat terselesaikan yuk kita lanjutin tek tokannya di dm
74;74;@Daeng_Syamsul Pagi, Kak Syamsul.  Mohon maaf  terkait keluhan sinyal tidak stabil.  yuk infokan nomor HP, Lokasi dâ€¦ https://t.co/f2jf3OMKJy;_syamsul pagi kak syamsul mohon maaf terkait keluhan sinyal tidak stabil yuk infokan nomor hp lokasi;['_syamsul', 'pagi', 'kak', 'syamsul', 'mohon', 'maaf', 'terkait', 'keluhan', 'sinyal', 'tidak', 'stabil', 'yuk', 'infokan', 'nomor', 'hp', 'lokasi'];['_syamsul', 'pagi', 'kak', 'syamsul', 'mohon', 'maaf', 'terkait', 'keluhan', 'sinyal', 'tidak', 'stabil', 'yuk', 'infokan', 'nomor', 'hp', 'lokasi'];_syamsul pagi kak syamsul mohon maaf terkait keluhan sinyal tidak stabil yuk infokan nomor hp lokasi
75;75;@purnamaku_  Baik, Kak Purnama.  Mohon maaf ya, terkait keluhan jaringan, pastikan kakak sudah menginfokan nomor HPâ€¦ https://t.co/3E1ShXjXpr;_ baik kak purnama mohon maaf ya terkait keluhan jaringan pastikan kakak sudah menginfokan nomor hp;['_', 'baik', 'kak', 'purnama', 'mohon', 'maaf', 'ya', 'terkait', 'keluhan', 'jaringan', 'pastikan', 'kakak', 'sudah', 'menginfokan', 'nomor', 'hp'];['_', 'baik', 'kak', 'purnama', 'mohon', 'maaf', 'ya', 'terkait', 'keluhan', 'jaringan', 'pastikan', 'kakak', 'sudah', 'menginfokan', 'nomor', 'hp'];_ baik kak purnama mohon maaf ya terkait keluhan jaringan pastikan kakak sudah menginfokan nomor hp
76;76;@TemannyaRobin Pagi, Kak Jorgi  Maafin ya. Boleh ceritain detail kendala yang kakak alami? Gea siap bantu loh, atauâ€¦ https://t.co/wWIFI2UFO8;pagi kak jorgi maafin ya boleh ceritain detail kendala yang kakak alami gea siap bantu loh atau;['pagi', 'kak', 'jorgi', 'maafin', 'ya', 'boleh', 'ceritain', 'detail', 'kendala', 'yang', 'kakak', 'alami', 'gea', 'siap', 'bantu', 'loh', 'atau'];['pagi', 'kak', 'jorgi', 'maafin', 'ya', 'boleh', 'ceritain', 'detail', 'kendala', 'yang', 'kakak', 'alami', 'gea', 'siap', 'bantu', 'loh', 'atau'];pagi kak jorgi maafin ya boleh ceritain detail kendala yang kakak alami gea siap bantu loh atau
77;77;@fikrimaret Pagi, Kak Fikri. Maafin ya. Boleh ceritain detail kendala yang kakak alami? Gea siap bantu loh, atau Kaâ€¦ https://t.co/OEke2Kun0O;pagi kak fikri maafin ya boleh ceritain detail kendala yang kakak alami gea siap bantu loh atau ka;['pagi', 'kak', 'fikri', 'maafin', 'ya', 'boleh', 'ceritain', 'detail', 'kendala', 'yang', 'kakak', 'alami', 'gea', 'siap', 'bantu', 'loh', 'atau', 'ka'];['pagi', 'kak', 'fikri', 'maafin', 'ya', 'boleh', 'ceritain', 'detail', 'kendala', 'yang', 'kakak', 'alami', 'gea', 'siap', 'bantu', 'loh', 'atau', 'ka'];pagi kak fikri maafin ya boleh ceritain detail kendala yang kakak alami gea siap bantu loh atau ka
78;78;@did1k Maaf ya Kak Dikdik, mengenai eSIM saat ini masih dalam pengembangan ya Kak. Makasih ðŸ˜Š -Ary;maaf ya kak dikdik mengenai esim saat ini masih dalam pengembangan ya kak makasih ary;['maaf', 'ya', 'kak', 'dikdik', 'mengenai', 'esim', 'saat', 'ini', 'masih', 'dalam', 'pengembangan', 'ya', 'kak', 'makasih', 'ary'];['maaf', 'ya', 'kak', 'dikdik', 'mengenai', 'esim', 'saat', 'ini', 'masih', 'dalam', 'pengembangan', 'ya', 'kak', 'makasih', 'ary'];maaf ya kak dikdik mengenai esim saat ini masih dalam pengembangan ya kak makasih ary
79;79;@Dedi_Novendi Duhh, pasti gak nyaman banget ya kak :( Boleh dong infoin ke DM nomor HP yang berkendala sama detailâ€¦ https://t.co/A6DGrHr1ax;_novendi duhh pasti gak nyaman banget ya kak boleh dong infoin ke dm nomor hp yang berkendala sama detail;['_novendi', 'duhh', 'pasti', 'gak', 'nyaman', 'banget', 'ya', 'kak', 'boleh', 'dong', 'infoin', 'ke', 'dm', 'nomor', 'hp', 'yang', 'berkendala', 'sama', 'detail'];['_novendi', 'duhh', 'pasti', 'gak', 'nyaman', 'banget', 'ya', 'kak', 'boleh', 'dong', 'infoin', 'ke', 'dm', 'nomor', 'hp', 'yang', 'berkendala', 'sama', 'detail'];_novendi duhh pasti gak nyaman banget ya kak boleh dong infoin ke dm nomor hp yang berkendala sama detail
80;80;@khann_04 Halo, Kak. Mengenai informasi reaktivasi nomor. Yuk infokan nomor yang berkendala ke DM ya, Gea coba bantu kendanya. Makasih ðŸ˜Š-Gea;_ halo kak mengenai informasi reaktivasi nomor yuk infokan nomor yang berkendala ke dm ya gea coba bantu kendanya makasih gea;['_', 'halo', 'kak', 'mengenai', 'informasi', 'reaktivasi', 'nomor', 'yuk', 'infokan', 'nomor', 'yang', 'berkendala', 'ke', 'dm', 'ya', 'gea', 'coba', 'bantu', 'kendanya', 'makasih', 'gea'];['_', 'halo', 'kak', 'mengenai', 'informasi', 'reaktivasi', 'nomor', 'yuk', 'infokan', 'nomor', 'yang', 'berkendala', 'ke', 'dm', 'ya', 'gea', 'coba', 'bantu', 'kendanya', 'makasih', 'gea'];_ halo kak mengenai informasi reaktivasi nomor yuk infokan nomor yang berkendala ke dm ya gea coba bantu kendanya makasih gea
81;81;@altexxyz Aduh, Maaf ya Kak. Paket yang mana? Yuk interaksinya dilanjut di DM ya, agar Gea bisa bantu kendala yangâ€¦ https://t.co/R2kgmYVJix;aduh maaf ya kak paket yang mana yuk interaksinya dilanjut di dm ya agar gea bisa bantu kendala yang;['aduh', 'maaf', 'ya', 'kak', 'paket', 'yang', 'mana', 'yuk', 'interaksinya', 'dilanjut', 'di', 'dm', 'ya', 'agar', 'gea', 'bisa', 'bantu', 'kendala', 'yang'];['aduh', 'maaf', 'ya', 'kak', 'paket', 'yang', 'mana', 'yuk', 'interaksinya', 'dilanjut', 'di', 'dm', 'ya', 'agar', 'gea', 'bisa', 'bantu', 'kendala', 'yang'];aduh maaf ya kak paket yang mana yuk interaksinya dilanjut di dm ya agar gea bisa bantu kendala yang
82;82;@miyaaaawz Halo, Kak Miya. Maaf ya, terkait tidak tersedianya paket Combo SAKTI include Disney+ Hotstar di MyTelkomâ€¦ https://t.co/6Ywl7tSLW0;halo kak miya maaf ya terkait tidak tersedianya paket combo sakti include disney hotstar di mytelkom;['halo', 'kak', 'miya', 'maaf', 'ya', 'terkait', 'tidak', 'tersedianya', 'paket', 'combo', 'sakti', 'include', 'disney', 'hotstar', 'di', 'mytelkom'];['halo', 'kak', 'miya', 'maaf', 'ya', 'terkait', 'tidak', 'tersedianya', 'paket', 'combo', 'sakti', 'include', 'disney', 'hotstar', 'di', 'mytelkom'];halo kak miya maaf ya terkait tidak tersedianya paket combo sakti include disney hotstar di mytelkom
83;83;@altexxyz Halo kak  :) Masa sih mahal semua kak, kan ada paket promonya. Coba DM nomornya biar bisa dibantu pengeceâ€¦ https://t.co/Bt0TQLeVGG;halo kak masa sih mahal semua kak kan ada paket promonya coba dm nomornya biar bisa dibantu pengece;['halo', 'kak', 'masa', 'sih', 'mahal', 'semua', 'kak', 'kan', 'ada', 'paket', 'promonya', 'coba', 'dm', 'nomornya', 'biar', 'bisa', 'dibantu', 'pengece'];['halo', 'kak', 'masa', 'sih', 'mahal', 'semua', 'kak', 'kan', 'ada', 'paket', 'promonya', 'coba', 'dm', 'nomornya', 'biar', 'bisa', 'dibantu', 'pengece'];halo kak masa sih mahal semua kak kan ada paket promonya coba dm nomornya biar bisa dibantu pengece
84;84;@22november7 Malam, Kak. Mengenai Paket bundling. Yuk interaksinya dilanjut di DM ya, agar Gea bisa saranin paket Dâ€¦ https://t.co/aBlhhd0MIk;malam kak mengenai paket bundling yuk interaksinya dilanjut di dm ya agar gea bisa saranin paket;['malam', 'kak', 'mengenai', 'paket', 'bundling', 'yuk', 'interaksinya', 'dilanjut', 'di', 'dm', 'ya', 'agar', 'gea', 'bisa', 'saranin', 'paket'];['malam', 'kak', 'mengenai', 'paket', 'bundling', 'yuk', 'interaksinya', 'dilanjut', 'di', 'dm', 'ya', 'agar', 'gea', 'bisa', 'saranin', 'paket'];malam kak mengenai paket bundling yuk interaksinya dilanjut di dm ya agar gea bisa saranin paket
85;85;@ardannnp Baik, Kak Ardan. Maaf ya, terkait keluhan akses internet lambat, silakan infokan nomor HP, Lokasi detail,â€¦ https://t.co/j5Yuao3tfA;baik kak ardan maaf ya terkait keluhan akses internet lambat silakan infokan nomor hp lokasi detail;['baik', 'kak', 'ardan', 'maaf', 'ya', 'terkait', 'keluhan', 'akses', 'internet', 'lambat', 'silakan', 'infokan', 'nomor', 'hp', 'lokasi', 'detail'];['baik', 'kak', 'ardan', 'maaf', 'ya', 'terkait', 'keluhan', 'akses', 'internet', 'lambat', 'silakan', 'infokan', 'nomor', 'hp', 'lokasi', 'detail'];baik kak ardan maaf ya terkait keluhan akses internet lambat silakan infokan nomor hp lokasi detail
86;86;@sanchoo9779 Baik, Kak. Gea ikut senang jika kendalanya sudah bisa teratasi. Jika ada pertanyaan atau keluhan lainnâ€¦ https://t.co/MOHtMYQr7C;baik kak gea ikut senang jika kendalanya sudah bisa teratasi jika ada pertanyaan atau keluhan lainn;['baik', 'kak', 'gea', 'ikut', 'senang', 'jika', 'kendalanya', 'sudah', 'bisa', 'teratasi', 'jika', 'ada', 'pertanyaan', 'atau', 'keluhan', 'lainn'];['baik', 'kak', 'gea', 'ikut', 'senang', 'jika', 'kendalanya', 'sudah', 'bisa', 'teratasi', 'jika', 'ada', 'pertanyaan', 'atau', 'keluhan', 'lainn'];baik kak gea ikut senang jika kendalanya sudah bisa teratasi jika ada pertanyaan atau keluhan lainn
87;87;@pejuangkhilaf Baik, Kak. Jangan khawatir, jangan sedih, jangan risau. Gea pasti kasih tau penawaran paket terbaikâ€¦ https://t.co/YwLjmrgdGQ;baik kak jangan khawatir jangan sedih jangan risau gea pasti kasih tau penawaran paket terbaik;['baik', 'kak', 'jangan', 'khawatir', 'jangan', 'sedih', 'jangan', 'risau', 'gea', 'pasti', 'kasih', 'tau', 'penawaran', 'paket', 'terbaik'];['baik', 'kak', 'jangan', 'khawatir', 'jangan', 'sedih', 'jangan', 'risau', 'gea', 'pasti', 'kasih', 'tau', 'penawaran', 'paket', 'terbaik'];baik kak jangan khawatir jangan sedih jangan risau gea pasti kasih tau penawaran paket terbaik
88;88;@borjueis Halo, Kak Milan. Terkait reaktivasi kartu, saat ini hanya bisa dibantu apabila nomor belum melewati waktuâ€¦ https://t.co/qYFJWUTC4T;halo kak milan terkait reaktivasi kartu saat ini hanya bisa dibantu apabila nomor belum melewati waktu;['halo', 'kak', 'milan', 'terkait', 'reaktivasi', 'kartu', 'saat', 'ini', 'hanya', 'bisa', 'dibantu', 'apabila', 'nomor', 'belum', 'melewati', 'waktu'];['halo', 'kak', 'milan', 'terkait', 'reaktivasi', 'kartu', 'saat', 'ini', 'hanya', 'bisa', 'dibantu', 'apabila', 'nomor', 'belum', 'melewati', 'waktu'];halo kak milan terkait reaktivasi kartu saat ini hanya bisa dibantu apabila nomor belum melewati waktu
89;89;@KaDRuN_ToL0L Sudah infoin nomornya ke DM? Yuk interaksinya dilanjut ke DM ya, Gea kasih tau nih penawaran paket teâ€¦ https://t.co/cS9xM9ttJe;_toll sudah infoin nomornya ke dm yuk interaksinya dilanjut ke dm ya gea kasih tau nih penawaran paket te;['_toll', 'sudah', 'infoin', 'nomornya', 'ke', 'dm', 'yuk', 'interaksinya', 'dilanjut', 'ke', 'dm', 'ya', 'gea', 'kasih', 'tau', 'nih', 'penawaran', 'paket', 'te'];['_toll', 'sudah', 'infoin', 'nomornya', 'ke', 'dm', 'yuk', 'interaksinya', 'dilanjut', 'ke', 'dm', 'ya', 'gea', 'kasih', 'tau', 'nih', 'penawaran', 'paket', 'te'];_toll sudah infoin nomornya ke dm yuk interaksinya dilanjut ke dm ya gea kasih tau nih penawaran paket te
90;90;@starlightclairo  Halo, Kak Renata. Paket yang ada Disney+ ya. hmm. Yuk interaksi dilanjut ke DM, Gea kasih tau pakâ€¦ https://t.co/PspBdxG0W3;halo kak renata paket yang ada disney ya hmm yuk interaksi dilanjut ke dm gea kasih tau pak;['halo', 'kak', 'renata', 'paket', 'yang', 'ada', 'disney', 'ya', 'hmm', 'yuk', 'interaksi', 'dilanjut', 'ke', 'dm', 'gea', 'kasih', 'tau', 'pak'];['halo', 'kak', 'renata', 'paket', 'yang', 'ada', 'disney', 'ya', 'hmm', 'yuk', 'interaksi', 'dilanjut', 'ke', 'dm', 'gea', 'kasih', 'tau', 'pak'];halo kak renata paket yang ada disney ya hmm yuk interaksi dilanjut ke dm gea kasih tau pak
91;91;@Dedi_Novendi Halo, Kak Deddy. Maaf ya. Mengenai mendapat Spam Call. Gea bantu cek kendalanya ya, yuk infoin No.HP,â€¦ https://t.co/ASoojFPnlD;_novendi halo kak deddy maaf ya mengenai mendapat spam call gea bantu cek kendalanya ya yuk infoin no hp;['_novendi', 'halo', 'kak', 'deddy', 'maaf', 'ya', 'mengenai', 'mendapat', 'spam', 'call', 'gea', 'bantu', 'cek', 'kendalanya', 'ya', 'yuk', 'infoin', 'no', 'hp'];['_novendi', 'halo', 'kak', 'deddy', 'maaf', 'ya', 'mengenai', 'mendapat', 'spam', 'call', 'gea', 'bantu', 'cek', 'kendalanya', 'ya', 'yuk', 'infoin', 'no', 'hp'];_novendi halo kak deddy maaf ya mengenai mendapat spam call gea bantu cek kendalanya ya yuk infoin no hp
92;92;@rutotelkomsel Baik, Kak, Maaf untuk keterlambatan Gea bales DMnya. Mohon berkenan menunggu ya Kak. Makasih ðŸ˜Š-Gea;baik kak maaf untuk keterlambatan gea bales dmnya mohon berkenan menunggu ya kak makasih gea;['baik', 'kak', 'maaf', 'untuk', 'keterlambatan', 'gea', 'bales', 'dmnya', 'mohon', 'berkenan', 'menunggu', 'ya', 'kak', 'makasih', 'gea'];['baik', 'kak', 'maaf', 'untuk', 'keterlambatan', 'gea', 'bales', 'dmnya', 'mohon', 'berkenan', 'menunggu', 'ya', 'kak', 'makasih', 'gea'];baik kak maaf untuk keterlambatan gea bales dmnya mohon berkenan menunggu ya kak makasih gea
93;93;@sanchoo9779  Malam-malam main catur, Gea segera meluncur. ðŸ˜Š-Gea;malam malam main catur gea segera meluncur gea;['malam', 'malam', 'main', 'catur', 'gea', 'segera', 'meluncur', 'gea'];['malam', 'malam', 'main', 'catur', 'gea', 'segera', 'meluncur', 'gea'];malam malam main catur gea segera meluncur gea
94;94;@Amin7821527955  Si maya ga suka diatur, mimin segera meluncur ðŸ˜Š-Gea;si maya ga suka diatur mimin segera meluncur gea;['si', 'maya', 'ga', 'suka', 'diatur', 'mimin', 'segera', 'meluncur', 'gea'];['si', 'maya', 'ga', 'suka', 'diatur', 'mimin', 'segera', 'meluncur', 'gea'];si maya ga suka diatur mimin segera meluncur gea
95;95;@KaDRuN_ToL0L Aduh, Maaf ya Kak jadi gak nyaman. Mengenai benefit paket, Gea bantu carikan paket yang cocok buat Kaâ€¦ https://t.co/8EBm6AxPMH;_toll aduh maaf ya kak jadi gak nyaman mengenai benefit paket gea bantu carikan paket yang cocok buat ka;['_toll', 'aduh', 'maaf', 'ya', 'kak', 'jadi', 'gak', 'nyaman', 'mengenai', 'benefit', 'paket', 'gea', 'bantu', 'carikan', 'paket', 'yang', 'cocok', 'buat', 'ka'];['_toll', 'aduh', 'maaf', 'ya', 'kak', 'jadi', 'gak', 'nyaman', 'mengenai', 'benefit', 'paket', 'gea', 'bantu', 'carikan', 'paket', 'yang', 'cocok', 'buat', 'ka'];_toll aduh maaf ya kak jadi gak nyaman mengenai benefit paket gea bantu carikan paket yang cocok buat ka
96;96;@kecroh Pak lurah makan kue cucur. Gea segera meluncur ðŸ˜Š-Gea;pak lurah makan kue cucur gea segera meluncur gea;['pak', 'lurah', 'makan', 'kue', 'cucur', 'gea', 'segera', 'meluncur', 'gea'];['pak', 'lurah', 'makan', 'kue', 'cucur', 'gea', 'segera', 'meluncur', 'gea'];pak lurah makan kue cucur gea segera meluncur gea
97;97;@rutotelkomsel Makan buah sambil lembur. Mohon menunggu Gea segera meluncur. ðŸ˜Š-Gea;makan buah sambil lembur mohon menunggu gea segera meluncur gea;['makan', 'buah', 'sambil', 'lembur', 'mohon', 'menunggu', 'gea', 'segera', 'meluncur', 'gea'];['makan', 'buah', 'sambil', 'lembur', 'mohon', 'menunggu', 'gea', 'segera', 'meluncur', 'gea'];makan buah sambil lembur mohon menunggu gea segera meluncur gea
98;98;@pejuangkhilaf Hai, Kak. Maafin ya. Boleh ceritain detail kendala yang kakak alami? Gea siap bantu loh, atau Kakakâ€¦ https://t.co/UGD32FwDwC;hai kak maafin ya boleh ceritain detail kendala yang kakak alami gea siap bantu loh atau kakak;['hai', 'kak', 'maafin', 'ya', 'boleh', 'ceritain', 'detail', 'kendala', 'yang', 'kakak', 'alami', 'gea', 'siap', 'bantu', 'loh', 'atau', 'kakak'];['hai', 'kak', 'maafin', 'ya', 'boleh', 'ceritain', 'detail', 'kendala', 'yang', 'kakak', 'alami', 'gea', 'siap', 'bantu', 'loh', 'atau', 'kakak'];hai kak maafin ya boleh ceritain detail kendala yang kakak alami gea siap bantu loh atau kakak
99;99;@pejuangkhilaf Masa sih mahal Kak? Coba kasih tau nomor HP yang digunakan via DM biar dibantuin cek paket promo yanâ€¦ https://t.co/PWkF8lesC1;masa sih mahal kak coba kasih tau nomor hp yang digunakan via dm biar dibantuin cek paket promo yan;['masa', 'sih', 'mahal', 'kak', 'coba', 'kasih', 'tau', 'nomor', 'hp', 'yang', 'digunakan', 'via', 'dm', 'biar', 'dibantuin', 'cek', 'paket', 'promo', 'yan'];['masa', 'sih', 'mahal', 'kak', 'coba', 'kasih', 'tau', 'nomor', 'hp', 'yang', 'digunakan', 'via', 'dm', 'biar', 'dibantuin', 'cek', 'paket', 'promo', 'yan'];masa sih mahal kak coba kasih tau nomor hp yang digunakan via dm biar dibantuin cek paket promo yan
